source,date,is_weekend,lp_imp,rev_total,cost_mb,cost_platform,cost_total,rpi_mb,cpi_mb,cpi_total,gp,gp_pct,avg_lo
All Inbox (Email) - Jobs,2025-10-30,FALSE,66046,10029,7898.2,331.16,8229.36,0.14,0.12,0.12,1799.63,0.18,1.8
All Inbox (Email) - Jobs,2025-10-31,FALSE,53429,7718.37,6333.74,274.38,6608.12,0.13,0.12,0.12,1110.24,0.14,1.75
All Inbox (Email) - Jobs,2025-11-01,TRUE,38312,5505.03,4596.46,166.75,4763.21,0.14,0.12,0.12,741.82,0.13,1.78
All Inbox (Email) - Jobs,2025-11-02,TRUE,39745,5732.14,4799.19,171.98,4971.17,0.14,0.12,0.13,760.97,0.13,1.85
All Inbox (Email) - Jobs,2025-11-03,FALSE,59182,8923.17,7205.01,214.24,7419.25,0.14,0.12,0.13,1503.92,0.17,1.87
All Inbox (Email) - Jobs,2025-11-04,FALSE,61929,9433.59,7336.18,180.65,7516.83,0.15,0.12,0.12,1916.76,0.2,1.92
All Inbox (Email) - Jobs,2025-11-05,FALSE,61608,9111.49,7252.64,157.97,7410.61,0.14,0.12,0.12,1700.87,0.19,1.91
All Inbox (Email) - Jobs,2025-11-06,FALSE,60935,8282.97,7126.08,166.88,7292.96,0.13,0.12,0.12,990.01,0.12,1.87
All Inbox (Email) - Jobs,2025-11-07,FALSE,55150,7555.83,6475.73,203.41,6679.14,0.13,0.12,0.12,876.69,0.12,1.9
All Inbox (Email) - Jobs,2025-11-08,TRUE,39229,5486.72,4610.24,188.1,4798.34,0.13,0.12,0.12,688.38,0.13,1.92
All Inbox (Email) - Jobs,2025-11-09,TRUE,37496,5487.05,4436.69,163.09,4599.78,0.14,0.12,0.12,887.26,0.16,1.98
All Inbox (Email) - Jobs,2025-11-10,FALSE,52410,7143.06,6243.42,181.55,6424.97,0.13,0.12,0.12,718.09,0.1,1.93
All Inbox (Email) - Jobs,2025-11-11,FALSE,51341,6872.83,5993.37,204.79,6198.16,0.13,0.12,0.12,674.66,0.1,1.94
All Inbox (Email) - Jobs,2025-11-12,FALSE,46665,6825.44,5414.83,175.84,5590.67,0.14,0.12,0.12,1234.77,0.18,1.94
Results Generation - Jobs,2025-10-30,FALSE,29474,6113.33,5120.41,150.9,5271.31,0.19,0.17,0.18,842.02,0.14,1.79
Results Generation - Jobs,2025-10-31,FALSE,26218,5111.1,4536.12,126.28,4662.4,0.18,0.17,0.18,448.7,0.09,1.7
Results Generation - Jobs,2025-11-01,TRUE,10665,1942.14,1657.94,78.39,1736.33,0.17,0.16,0.16,205.81,0.11,1.58
Results Generation - Jobs,2025-11-02,TRUE,9268,1703.72,1390.17,83.2,1473.37,0.17,0.15,0.16,230.35,0.14,1.69
Results Generation - Jobs,2025-11-03,FALSE,28410,5976.05,4851.23,112.64,4963.87,0.2,0.17,0.17,1012.18,0.17,1.77
Results Generation - Jobs,2025-11-04,FALSE,31793,6433.63,5557.13,101.92,5659.05,0.19,0.17,0.18,774.58,0.12,1.88
Results Generation - Jobs,2025-11-05,FALSE,31170,6213.59,5425.24,86.04,5511.28,0.19,0.17,0.18,702.31,0.11,1.76
Results Generation - Jobs,2025-11-06,FALSE,29692,5717.94,5130.74,83.91,5214.64,0.18,0.17,0.18,503.3,0.09,1.71
Results Generation - Jobs,2025-11-07,FALSE,27736,5132.18,4876.53,104.24,4980.78,0.18,0.18,0.18,151.41,0.03,1.66
Results Generation - Jobs,2025-11-08,TRUE,10220,1831.43,1328.22,97.19,1425.41,0.16,0.13,0.14,406.02,0.22,1.59
Results Generation - Jobs,2025-11-09,TRUE,7500,1325.19,250.28,61.28,311.56,0.16,0.03,0.04,1013.62,0.76,1.7
Results Generation - Jobs,2025-11-10,FALSE,29321,5554.69,4373.24,86.88,4460.11,0.18,0.15,0.15,1094.57,0.2,1.74
Results Generation - Jobs,2025-11-11,FALSE,33799,6498.82,5902.78,126.57,6029.35,0.18,0.17,0.18,469.47,0.07,1.81
Results Generation - Jobs,2025-11-12,FALSE,30087,6268.74,5232.52,112.36,5344.88,0.2,0.17,0.18,923.86,0.15,1.82
Affmine - Jobs,2025-10-30,FALSE,11893,2057.97,1451,32.93,1483.93,0.17,0.12,0.12,574.05,0.28,2.11
Affmine - Jobs,2025-10-31,FALSE,13470,2101.2,1568,32.08,1600.08,0.15,0.12,0.12,501.12,0.24,1.91
Affmine - Jobs,2025-11-01,TRUE,8070,1220.57,929,17.68,946.68,0.15,0.12,0.12,273.89,0.22,1.82
Affmine - Jobs,2025-11-02,TRUE,8419,1231,918,22.53,940.53,0.14,0.11,0.11,290.47,0.24,2
Affmine - Jobs,2025-11-03,FALSE,11375,1906.07,1432,29.87,1461.87,0.16,0.13,0.13,444.2,0.23,1.77
Affmine - Jobs,2025-11-04,FALSE,14307,2128.2,1578,31.37,1609.37,0.15,0.11,0.11,518.83,0.24,1.91
Affmine - Jobs,2025-11-05,FALSE,12394,1711.45,1371,17.15,1388.15,0.14,0.11,0.11,323.29,0.19,1.89
Affmine - Jobs,2025-11-06,FALSE,12035,1736.62,1315,13.58,1328.58,0.14,0.11,0.11,408.04,0.24,1.83
Affmine - Jobs,2025-11-07,FALSE,11380,1504.02,1268,17.74,1285.74,0.13,0.11,0.11,218.28,0.15,1.81
Affmine - Jobs,2025-11-08,TRUE,10151,1245.1,968,15.84,983.84,0.12,0.1,0.1,261.26,0.21,2.09
Affmine - Jobs,2025-11-09,TRUE,8731,1092.99,867,13.37,880.37,0.12,0.1,0.1,212.61,0.19,2.06
Affmine - Jobs,2025-11-10,FALSE,8358,1333.93,1016,13.45,1029.45,0.16,0.12,0.12,304.48,0.23,1.91
Affmine - Jobs,2025-11-11,FALSE,11147,1653.83,1306,16.96,1322.96,0.15,0.12,0.12,330.88,0.2,2.03
Affmine - Jobs,2025-11-12,FALSE,12752,1552.31,1257,13.95,1270.95,0.12,0.1,0.1,281.36,0.18,1.85
Ad Gain Media - Jobs,2025-10-30,FALSE,17557,2277.03,1919.5,50.42,1969.92,0.12,0.11,0.11,307.11,0.13,1.69
Ad Gain Media - Jobs,2025-10-31,FALSE,21306,2448.67,2164.5,56.85,2221.35,0.11,0.1,0.1,227.32,0.09,1.58
Ad Gain Media - Jobs,2025-11-01,TRUE,14466,1688.61,1446,36.42,1482.42,0.11,0.1,0.1,206.2,0.12,1.59
Ad Gain Media - Jobs,2025-11-02,TRUE,11580,1299.62,1141.5,40.16,1181.66,0.11,0.1,0.1,117.96,0.09,1.59
Ad Gain Media - Jobs,2025-11-03,FALSE,11991,1512.32,1311.5,50.89,1362.39,0.12,0.11,0.11,149.93,0.1,1.8
Ad Gain Media - Jobs,2025-11-04,FALSE,9491,1125.95,1010,38.65,1048.65,0.11,0.11,0.11,77.3,0.07,1.82
Ad Gain Media - Jobs,2025-11-05,FALSE,8264,1110.24,978,30.11,1008.11,0.13,0.12,0.12,102.13,0.09,1.75
Ad Gain Media - Jobs,2025-11-06,FALSE,8420,958.52,901.5,23.98,925.48,0.11,0.11,0.11,33.04,0.03,1.69
Ad Gain Media - Jobs,2025-11-07,FALSE,6867,604.36,549.5,23.6,573.1,0.09,0.08,0.08,31.26,0.05,1.61
Ad Gain Media - Jobs,2025-11-08,TRUE,6272,554.86,452.5,23.82,476.32,0.09,0.07,0.08,78.54,0.14,1.69
Ad Gain Media - Jobs,2025-11-09,TRUE,5200,511.56,441.5,16.46,457.96,0.1,0.08,0.09,53.6,0.1,1.7
Ad Gain Media - Jobs,2025-11-10,FALSE,4361,524.2,476.5,16.06,492.56,0.12,0.11,0.11,31.63,0.06,1.67
Ad Gain Media - Jobs,2025-11-11,FALSE,7257,884.14,879.5,19.1,898.6,0.12,0.12,0.12,-14.45,-0.02,1.73
Ad Gain Media - Jobs,2025-11-12,FALSE,8960,1075.59,1018.5,16.63,1035.13,0.12,0.11,0.12,40.46,0.04,1.69
Local Staffing LLC - Jobs,2025-10-30,FALSE,5737,2327.99,1993.91,62.02,2055.93,0.36,0.35,0.36,272.06,0.12,2.03
Local Staffing LLC - Jobs,2025-10-31,FALSE,5689,2088.51,1991.18,52.94,2044.12,0.34,0.35,0.36,44.39,0.02,1.91
Local Staffing LLC - Jobs,2025-11-01,TRUE,4633,1326.37,1444.22,28.1,1472.32,0.27,0.31,0.32,-145.95,-0.11,1.78
Local Staffing LLC - Jobs,2025-11-02,TRUE,4928,1546.32,1550.38,39.04,1589.42,0.3,0.31,0.32,-43.11,-0.03,1.88
Local Staffing LLC - Jobs,2025-11-03,FALSE,6453,2924.9,2256.74,56.81,2313.55,0.43,0.35,0.36,611.35,0.21,2.24
Local Staffing LLC - Jobs,2025-11-04,FALSE,11268,4236.21,3964.53,58.13,4022.66,0.36,0.35,0.36,213.55,0.05,2.14
Local Staffing LLC - Jobs,2025-11-05,FALSE,11374,4225.27,3977.95,47.53,4025.48,0.35,0.35,0.35,199.79,0.05,2.11
Local Staffing LLC - Jobs,2025-11-06,FALSE,11355,4033.82,3974.53,49.74,4024.27,0.34,0.35,0.35,9.55,0,2.03
Local Staffing LLC - Jobs,2025-11-07,FALSE,11420,3851.6,3976.25,62.66,4038.91,0.32,0.35,0.35,-187.31,-0.05,1.96
Local Staffing LLC - Jobs,2025-11-08,TRUE,8020,2344.99,2393.97,46.79,2440.76,0.28,0.3,0.3,-95.77,-0.04,1.99
Local Staffing LLC - Jobs,2025-11-09,TRUE,9611,3144.2,2994.87,47.12,3041.99,0.31,0.31,0.32,102.21,0.03,1.99
Local Staffing LLC - Jobs,2025-11-10,FALSE,12814,4460.29,4494.29,67.66,4561.95,0.33,0.35,0.36,-101.67,-0.02,2.01
Local Staffing LLC - Jobs,2025-11-11,FALSE,11577,4051.86,3973.77,76.47,4050.24,0.32,0.34,0.35,1.62,0,2.05
Local Staffing LLC - Jobs,2025-11-12,FALSE,8309,2623.19,2513.92,45.49,2559.41,0.29,0.3,0.31,63.78,0.02,1.99
Apptness Media Group LLC - Jobs,2025-10-30,FALSE,6473,2417.53,2260.35,90.38,2350.73,0.32,0.35,0.36,66.8,0.03,1.84
Apptness Media Group LLC - Jobs,2025-10-31,FALSE,5534,2126.83,1924.67,73.54,1998.21,0.34,0.35,0.36,128.62,0.06,1.86
Apptness Media Group LLC - Jobs,2025-11-01,TRUE,3335,1337.49,1179.67,47.41,1227.08,0.37,0.35,0.37,110.41,0.08,1.81
Apptness Media Group LLC - Jobs,2025-11-02,TRUE,3166,1287.8,1121.67,51.3,1172.97,0.37,0.35,0.37,114.83,0.09,1.9
Apptness Media Group LLC - Jobs,2025-11-03,FALSE,4485,1698.87,1559.56,62.59,1622.15,0.34,0.35,0.36,76.72,0.05,1.92
Apptness Media Group LLC - Jobs,2025-11-04,FALSE,5060,1832.91,1744.26,55.45,1799.71,0.33,0.34,0.36,33.21,0.02,2.01
Apptness Media Group LLC - Jobs,2025-11-05,FALSE,6175,2190.36,2144.4,48.59,2192.99,0.34,0.35,0.36,-2.63,0,1.92
Apptness Media Group LLC - Jobs,2025-11-06,FALSE,5610,1938.49,1952.37,38.57,1990.94,0.32,0.35,0.35,-52.45,-0.03,1.9
Apptness Media Group LLC - Jobs,2025-11-07,FALSE,3962,1382.08,1368.17,37.49,1405.66,0.32,0.35,0.35,-23.59,-0.02,1.91
Apptness Media Group LLC - Jobs,2025-11-08,TRUE,3071,1238.53,1107.91,39.92,1147.83,0.37,0.36,0.37,90.7,0.07,2.04
Apptness Media Group LLC - Jobs,2025-11-09,TRUE,2856,1249.96,1038.68,31.21,1069.89,0.4,0.36,0.37,180.07,0.14,2.16
Apptness Media Group LLC - Jobs,2025-11-10,FALSE,3843,1408.15,1354.55,32.57,1387.12,0.34,0.35,0.36,21.02,0.01,2.01
Apptness Media Group LLC - Jobs,2025-11-11,FALSE,4495,1507.81,1579.44,37.66,1617.1,0.31,0.35,0.36,-109.28,-0.07,1.95
Apptness Media Group LLC - Jobs,2025-11-12,FALSE,3575,1311.3,1240.13,34.61,1274.74,0.33,0.35,0.36,36.56,0.03,2.05
Castline - Jobs,2025-10-30,FALSE,4642,948.38,912.7,19.45,932.15,0.19,0.2,0.2,16.23,0.02,1.89
Castline - Jobs,2025-10-31,FALSE,3928,762.94,783.14,15.72,798.86,0.18,0.2,0.2,-35.92,-0.05,1.75
Castline - Jobs,2025-11-01,TRUE,3907,767.8,780.9,9.66,790.56,0.19,0.2,0.2,-22.76,-0.03,1.88
Castline - Jobs,2025-11-02,TRUE,4046,876.67,791.7,15.22,806.92,0.21,0.2,0.2,69.75,0.08,1.92
Castline - Jobs,2025-11-03,FALSE,4812,1071.4,959.93,19.51,979.44,0.21,0.2,0.2,91.95,0.09,1.96
Castline - Jobs,2025-11-04,FALSE,5014,1033,1003.03,15.14,1018.17,0.2,0.2,0.2,14.84,0.01,2.05
Castline - Jobs,2025-11-05,FALSE,4879,1025.83,985.76,10.73,996.49,0.2,0.2,0.2,29.34,0.03,1.98
Castline - Jobs,2025-11-06,FALSE,4580,954.73,925.49,10.51,936,0.2,0.2,0.2,18.74,0.02,1.9
Castline - Jobs,2025-11-07,FALSE,4161,803.53,829.59,11.92,841.51,0.19,0.2,0.2,-37.98,-0.05,1.87
Castline - Jobs,2025-11-08,TRUE,3826,754.26,762.07,12.36,774.43,0.19,0.2,0.2,-20.18,-0.03,2
Castline - Jobs,2025-11-09,TRUE,3903,798.36,767.01,11.53,778.54,0.2,0.2,0.2,19.83,0.02,1.99
Castline - Jobs,2025-11-10,FALSE,4582,908.25,926.7,11.38,938.08,0.19,0.2,0.2,-29.83,-0.03,1.93
Castline - Jobs,2025-11-11,FALSE,4439,959.23,891.46,13.6,905.06,0.2,0.2,0.2,54.17,0.06,1.96
Castline - Jobs,2025-11-12,FALSE,3841,874.38,743.93,11.95,755.88,0.22,0.19,0.2,118.5,0.14,1.96
Reticular - Jobs,2025-10-30,FALSE,4068,967.95,894.91,20.84,915.75,0.22,0.22,0.23,52.2,0.05,1.96
Reticular - Jobs,2025-10-31,FALSE,3337,718.65,747.1,13.63,760.73,0.2,0.22,0.23,-42.08,-0.06,1.67
Reticular - Jobs,2025-11-01,TRUE,4371,948.27,956.71,14.02,970.73,0.21,0.22,0.22,-22.45,-0.02,1.76
Reticular - Jobs,2025-11-02,TRUE,4679,1079.66,1010.72,19.04,1029.76,0.22,0.22,0.22,49.91,0.05,1.78
Reticular - Jobs,2025-11-03,FALSE,4381,1145.04,938.15,24.46,962.61,0.25,0.21,0.22,182.42,0.16,1.94
Reticular - Jobs,2025-11-04,FALSE,4368,1250.72,953.45,19.08,972.53,0.27,0.22,0.22,278.2,0.22,2.04
Reticular - Jobs,2025-11-05,FALSE,4451,1106.12,964.33,11.75,976.08,0.24,0.22,0.22,130.04,0.12,1.95
Reticular - Jobs,2025-11-06,FALSE,4485,1043.37,954.84,10.73,965.57,0.22,0.21,0.22,77.8,0.07,1.94
Reticular - Jobs,2025-11-07,FALSE,4297,1004.02,942.58,13.84,956.42,0.23,0.22,0.22,47.6,0.05,1.88
Reticular - Jobs,2025-11-08,TRUE,4419,960.92,971.08,14.95,986.03,0.21,0.22,0.22,-25.11,-0.03,1.88
Reticular - Jobs,2025-11-09,TRUE,4291,952.22,961.92,12.28,974.2,0.22,0.22,0.23,-21.98,-0.02,1.84
Reticular - Jobs,2025-11-10,FALSE,4350,1059.18,944.37,12.54,956.91,0.24,0.22,0.22,102.27,0.1,1.87
Reticular - Jobs,2025-11-11,FALSE,4399,995.29,945.45,16.57,962.02,0.22,0.21,0.22,33.27,0.03,1.93
Reticular - Jobs,2025-11-12,FALSE,4384,1181.76,950.65,13.28,963.93,0.26,0.22,0.22,217.83,0.18,2.07
Brightfire LLC - Jobs,2025-10-30,FALSE,4255,1389.21,1239.83,38.57,1278.4,0.29,0.29,0.3,110.81,0.08,1.86
Brightfire LLC - Jobs,2025-10-31,FALSE,3548,1092.66,1030.23,31.66,1061.89,0.28,0.29,0.3,30.77,0.03,1.69
Brightfire LLC - Jobs,2025-11-01,TRUE,3686,1219.17,1080.32,21.94,1102.26,0.31,0.29,0.3,116.91,0.1,1.8
Brightfire LLC - Jobs,2025-11-02,TRUE,4012,1288.12,1171.54,26.4,1197.94,0.3,0.29,0.3,90.18,0.07,1.81
Brightfire LLC - Jobs,2025-11-03,FALSE,4186,1327.39,1208.59,33.49,1242.08,0.29,0.29,0.3,85.31,0.06,1.81
Brightfire LLC - Jobs,2025-11-04,FALSE,4030,1284.67,1182.52,24.19,1206.71,0.3,0.29,0.3,77.96,0.06,2.03
Brightfire LLC - Jobs,2025-11-05,FALSE,4324,1335.5,1267.92,17.92,1285.84,0.29,0.29,0.3,49.66,0.04,1.89
Brightfire LLC - Jobs,2025-11-06,FALSE,4400,1260.32,1284.39,19.23,1303.62,0.27,0.29,0.3,-43.3,-0.03,1.84
Brightfire LLC - Jobs,2025-11-07,FALSE,3718,1104.98,1072.63,22.86,1095.49,0.27,0.29,0.29,9.5,0.01,1.87
Brightfire LLC - Jobs,2025-11-08,TRUE,4102,1303.58,1203.96,24.86,1228.82,0.3,0.29,0.3,74.76,0.06,1.84
Brightfire LLC - Jobs,2025-11-09,TRUE,4219,1317.87,1238.68,22.98,1261.66,0.29,0.29,0.3,56.2,0.04,1.89
Brightfire LLC - Jobs,2025-11-10,FALSE,4435,1310.02,1288.45,22.26,1310.71,0.27,0.29,0.3,-0.69,0,1.85
Brightfire LLC - Jobs,2025-11-11,FALSE,4883,1399.92,1394.79,30.24,1425.03,0.26,0.29,0.29,-25.12,-0.02,1.99
Brightfire LLC - Jobs,2025-11-12,FALSE,4432,1332.98,1259.4,22.4,1281.8,0.28,0.28,0.29,51.18,0.04,2.03
Upward - jobs,2025-10-30,FALSE,5667,1457.87,1227.59,28.27,1255.86,0.24,0.22,0.22,202.01,0.14,1.88
Upward - jobs,2025-10-31,FALSE,4315,1106.46,910.14,20.92,931.06,0.24,0.21,0.22,175.4,0.16,1.77
Upward - jobs,2025-11-01,TRUE,3575,851.06,735.59,14.94,750.53,0.23,0.21,0.21,100.53,0.12,1.77
Upward - jobs,2025-11-02,TRUE,3895,972.08,787.11,14.46,801.57,0.24,0.2,0.21,170.51,0.18,1.89
Upward - jobs,2025-11-03,FALSE,4269,1130.81,944.58,18.58,963.16,0.25,0.22,0.23,167.65,0.15,1.95
Upward - jobs,2025-11-04,FALSE,5648,1496.71,1272.26,20.24,1292.5,0.25,0.23,0.23,204.22,0.14,2
Upward - jobs,2025-11-05,FALSE,5733,1506.43,1293.23,12.86,1306.09,0.25,0.23,0.23,200.34,0.13,1.91
Upward - jobs,2025-11-06,FALSE,5415,1331.68,1117.84,13.3,1131.14,0.24,0.21,0.21,200.54,0.15,1.92
Upward - jobs,2025-11-07,FALSE,4064,974.34,810.54,15.2,825.74,0.22,0.2,0.2,148.6,0.15,1.99
Upward - jobs,2025-11-08,TRUE,2967,732.27,617.84,13.81,631.65,0.23,0.21,0.21,100.62,0.14,1.96
Upward - jobs,2025-11-09,TRUE,2940,711.66,605.01,13.82,618.83,0.23,0.21,0.21,92.83,0.13,2.03
Upward - jobs,2025-11-10,FALSE,3500,877.22,750.38,12.88,763.26,0.24,0.21,0.22,113.96,0.13,2.02
Upward - jobs,2025-11-11,FALSE,2727,688.24,601.58,15.39,616.98,0.24,0.22,0.23,71.26,0.1,1.94
Upward - jobs,2025-11-12,FALSE,2084,568.09,465.76,11.5,477.27,0.24,0.22,0.23,90.83,0.16,2.1
Horizon 2 Media - Jobs,2025-10-30,FALSE,4586,715.14,562,41.19,603.19,0.12,0.12,0.13,111.94,0.16,1.62
Horizon 2 Media - Jobs,2025-10-31,FALSE,3849,549.09,448,31.67,479.67,0.12,0.12,0.12,69.42,0.13,1.64
Horizon 2 Media - Jobs,2025-11-01,TRUE,3272,482.89,390,19.02,409.02,0.13,0.12,0.13,73.87,0.15,1.59
Horizon 2 Media - Jobs,2025-11-02,TRUE,2959,453.48,386,20.17,406.17,0.13,0.13,0.14,47.31,0.1,1.69
Horizon 2 Media - Jobs,2025-11-03,FALSE,3724,523.77,456,25.21,481.21,0.12,0.12,0.13,42.56,0.08,1.68
Horizon 2 Media - Jobs,2025-11-04,FALSE,3546,491.87,414,19.34,433.34,0.12,0.12,0.12,58.52,0.12,1.69
Horizon 2 Media - Jobs,2025-11-05,FALSE,3489,481.47,442,15.47,457.47,0.13,0.13,0.13,24,0.05,1.69
Horizon 2 Media - Jobs,2025-11-06,FALSE,3182,469.26,406,15.75,421.75,0.13,0.13,0.13,47.51,0.1,1.64
Horizon 2 Media - Jobs,2025-11-07,FALSE,2957,503.62,444,19.5,463.5,0.15,0.15,0.16,40.12,0.08,1.69
Horizon 2 Media - Jobs,2025-11-08,TRUE,2640,438.87,382,18.53,400.53,0.15,0.14,0.15,38.33,0.09,1.73
Horizon 2 Media - Jobs,2025-11-09,TRUE,3074,494.63,428,19.5,447.5,0.14,0.14,0.15,47.13,0.1,1.78
Horizon 2 Media - Jobs,2025-11-10,FALSE,3613,556.76,498,21.83,519.83,0.13,0.14,0.14,36.93,0.07,1.69
Horizon 2 Media - Jobs,2025-11-11,FALSE,3358,575.86,496,25.99,521.99,0.14,0.15,0.16,53.87,0.09,1.76
Horizon 2 Media - Jobs,2025-11-12,FALSE,3725,599.4,542,22.07,564.07,0.14,0.15,0.15,35.34,0.06,1.71
Surfin Mouse - Jobs,2025-10-30,FALSE,7064,1831.96,1831.11,50.11,1881.22,0.22,0.26,0.27,-49.26,-0.03,1.86
Surfin Mouse - Jobs,2025-10-31,FALSE,2657,695.19,689.44,27.41,716.85,0.2,0.26,0.27,-21.67,-0.03,1.71
Surfin Mouse - Jobs,2025-11-01,TRUE,4711,1084.71,1249.61,36.32,1285.93,0.21,0.27,0.27,-201.22,-0.19,1.76
Surfin Mouse - Jobs,2025-11-02,TRUE,6116,1445.32,1572.94,27.36,1600.3,0.22,0.26,0.26,-154.98,-0.11,1.86
Surfin Mouse - Jobs,2025-11-03,FALSE,7649,1871.94,1973.15,37.35,2010.5,0.22,0.26,0.26,-138.56,-0.07,1.84
Surfin Mouse - Jobs,2025-11-04,FALSE,5455,1331.01,1407.09,26.89,1433.98,0.21,0.26,0.26,-102.97,-0.08,1.89
Surfin Mouse - Jobs,2025-11-05,FALSE,5355,1257.86,1398.66,22.21,1420.87,0.21,0.26,0.27,-163.01,-0.13,1.86
Surfin Mouse - Jobs,2025-11-06,FALSE,2811,658.38,704.71,13.84,718.55,0.2,0.25,0.26,-60.17,-0.09,1.73
Surfin Mouse - Jobs,2025-11-07,FALSE,1206,315.26,282.71,14.2,296.91,0.19,0.23,0.25,18.35,0.06,1.72
Surfin Mouse - Jobs,2025-11-08,TRUE,615,183.46,157.14,12.95,170.09,0.21,0.26,0.28,13.37,0.07,2.04
Surfin Mouse - Jobs,2025-11-09,TRUE,663,197.33,168.2,13.5,181.7,0.22,0.25,0.27,15.64,0.08,1.97
Surfin Mouse - Jobs,2025-11-10,FALSE,973,261.94,247.66,11.41,259.07,0.21,0.25,0.27,2.87,0.01,1.96
Surfin Mouse - Jobs,2025-11-11,FALSE,1140,309.16,291.74,10.4,302.14,0.19,0.26,0.27,7.02,0.02,1.89
Surfin Mouse - Jobs,2025-11-12,FALSE,1044,284.34,269.7,13.18,282.88,0.2,0.26,0.27,1.45,0.01,1.99
Lensa - Jobs,2025-10-30,FALSE,2773,425.05,374.85,10.97,385.82,0.14,0.14,0.14,39.23,0.09,1.49
Lensa - Jobs,2025-10-31,FALSE,4356,591.88,574.26,12.93,587.19,0.12,0.13,0.13,4.68,0.01,1.53
Lensa - Jobs,2025-11-01,TRUE,2345,350.85,313.31,7.59,320.9,0.14,0.13,0.14,29.95,0.09,1.55
Lensa - Jobs,2025-11-02,TRUE,1640,262.86,224.23,6.74,230.97,0.15,0.14,0.14,31.89,0.12,1.85
Lensa - Jobs,2025-11-03,FALSE,2557,422.6,340.34,9.37,349.71,0.15,0.13,0.14,72.89,0.17,1.73
Lensa - Jobs,2025-11-04,FALSE,3975,636.8,545.1,8.57,553.67,0.15,0.14,0.14,83.14,0.13,1.73
Lensa - Jobs,2025-11-05,FALSE,4021,699.56,569.13,8.2,577.33,0.16,0.14,0.14,122.23,0.17,1.71
Lensa - Jobs,2025-11-06,FALSE,4263,646.38,606.77,9.48,616.25,0.14,0.14,0.14,30.12,0.05,1.63
Lensa - Jobs,2025-11-07,FALSE,3999,658.34,576.72,11.87,588.59,0.15,0.14,0.15,69.75,0.11,1.62
Lensa - Jobs,2025-11-08,TRUE,3293,509.47,466.56,11.25,477.81,0.14,0.14,0.15,31.67,0.06,1.65
Lensa - Jobs,2025-11-09,TRUE,3324,531.33,485.64,10.52,496.16,0.15,0.15,0.15,35.16,0.07,1.7
Lensa - Jobs,2025-11-10,FALSE,3858,606.22,551.34,11.59,562.93,0.14,0.14,0.15,43.29,0.07,1.59
Lensa - Jobs,2025-11-11,FALSE,3272,548.09,475.73,12.03,487.76,0.15,0.15,0.15,60.33,0.11,1.77
Lensa - Jobs,2025-11-12,FALSE,3435,574.03,498.06,11.35,509.41,0.15,0.14,0.15,64.61,0.11,1.72
Glitchy.ai - Jobs,2025-10-30,FALSE,1661,380.51,301,0.73,301.73,0.23,0.18,0.18,78.78,0.21,2.06
Glitchy.ai - Jobs,2025-10-31,FALSE,7728,2001.71,1631,0.64,1631.64,0.26,0.21,0.21,370.07,0.18,1.82
Glitchy.ai - Jobs,2025-11-01,TRUE,3201,634.03,502,0.48,502.48,0.2,0.16,0.16,131.54,0.21,2.02
Glitchy.ai - Jobs,2025-11-02,TRUE,3575,705.43,604,0.5,604.5,0.2,0.17,0.17,100.92,0.14,2.12
Glitchy.ai - Jobs,2025-11-03,FALSE,2567,588.13,473,0.64,473.64,0.23,0.18,0.18,114.49,0.19,2.14
Glitchy.ai - Jobs,2025-11-04,FALSE,2360,616.15,440,0.54,440.54,0.26,0.19,0.19,175.6,0.29,2.4
Glitchy.ai - Jobs,2025-11-05,FALSE,2317,635.53,466,0.6,466.6,0.27,0.2,0.2,168.92,0.27,2.3
Glitchy.ai - Jobs,2025-11-06,FALSE,2216,498.99,395,0.6,395.6,0.23,0.18,0.18,103.39,0.21,2.17
Glitchy.ai - Jobs,2025-11-07,FALSE,2505,492.53,423,0.58,423.58,0.2,0.17,0.17,68.95,0.14,2.04
Glitchy.ai - Jobs,2025-11-08,TRUE,2444,621.78,447,0.55,447.55,0.25,0.18,0.18,174.22,0.28,2.2
Glitchy.ai - Jobs,2025-11-09,TRUE,2181,567.08,451,0.4,451.4,0.26,0.21,0.21,115.68,0.2,2.11
Glitchy.ai - Jobs,2025-11-10,FALSE,1880,470.15,387,0.37,387.37,0.25,0.21,0.21,82.78,0.18,2.03
Glitchy.ai - Jobs,2025-11-11,FALSE,2234,542.1,471,0.24,471.24,0.24,0.21,0.21,70.86,0.13,2.22
Glitchy.ai - Jobs,2025-11-12,FALSE,2315,649.47,535,0.22,535.22,0.28,0.23,0.23,114.25,0.18,2.29
Cash Network - Jobs,2025-10-30,FALSE,2212,315.32,222,7.98,229.98,0.13,0.1,0.1,85.34,0.27,2.03
Cash Network - Jobs,2025-10-31,FALSE,1906,348.14,246,7.54,253.54,0.17,0.13,0.13,94.6,0.27,2.14
Cash Network - Jobs,2025-11-01,TRUE,1063,197.87,138,4.12,142.12,0.18,0.13,0.13,55.75,0.28,2.04
Cash Network - Jobs,2025-11-02,TRUE,956,180.83,138,3.9,141.9,0.18,0.14,0.15,38.93,0.22,2.15
Cash Network - Jobs,2025-11-03,FALSE,2135,391.48,282,7.21,289.21,0.18,0.13,0.14,102.27,0.26,2.01
Cash Network - Jobs,2025-11-04,FALSE,3662,551.49,414,6.8,420.8,0.15,0.11,0.11,130.7,0.24,2.08
Cash Network - Jobs,2025-11-05,FALSE,5078,806.78,639,6.1,645.1,0.15,0.13,0.13,161.68,0.2,2.03
Cash Network - Jobs,2025-11-06,FALSE,5440,615.87,477,5.26,482.26,0.11,0.09,0.09,133.61,0.22,1.72
Cash Network - Jobs,2025-11-07,FALSE,3528,466.96,354,5.34,359.34,0.13,0.1,0.1,107.62,0.23,1.9
Cash Network - Jobs,2025-11-08,TRUE,2149,330.65,264,5.35,269.35,0.15,0.12,0.13,61.3,0.19,2.12
Cash Network - Jobs,2025-11-09,TRUE,1924,280.51,210,4.52,214.52,0.14,0.11,0.11,65.99,0.24,2.04
Cash Network - Jobs,2025-11-10,FALSE,2792,362.59,282,4.86,286.86,0.13,0.1,0.1,75.73,0.21,1.79
Cash Network - Jobs,2025-11-11,FALSE,2690,399.4,351,5.9,356.9,0.14,0.13,0.13,42.5,0.11,2.08
Cash Network - Jobs,2025-11-12,FALSE,2962,397.07,324,5.72,329.72,0.13,0.11,0.11,67.35,0.17,1.9
Voltron Interactive LLC - Jobs,2025-10-30,FALSE,1879,838.78,721.2,29.81,751.01,0.39,0.38,0.4,87.77,0.1,2.01
Voltron Interactive LLC - Jobs,2025-10-31,FALSE,1661,669.53,642.8,23.89,666.69,0.37,0.39,0.4,2.84,0,1.81
Voltron Interactive LLC - Jobs,2025-11-01,TRUE,1656,663.09,635.2,16.79,651.99,0.38,0.38,0.39,11.1,0.02,1.78
Voltron Interactive LLC - Jobs,2025-11-02,TRUE,1743,723.97,657.6,20.15,677.75,0.39,0.38,0.39,46.23,0.06,1.92
Voltron Interactive LLC - Jobs,2025-11-03,FALSE,2017,858.83,771.2,25.84,797.04,0.4,0.38,0.4,61.79,0.07,1.91
Voltron Interactive LLC - Jobs,2025-11-04,FALSE,2000,855.64,760.8,19.96,780.76,0.4,0.38,0.39,74.88,0.09,2.13
Voltron Interactive LLC - Jobs,2025-11-05,FALSE,2405,993.59,917.6,16.87,934.47,0.39,0.38,0.39,59.13,0.06,1.98
Voltron Interactive LLC - Jobs,2025-11-06,FALSE,2271,895.77,870,16.42,886.42,0.37,0.38,0.39,9.34,0.01,1.91
Voltron Interactive LLC - Jobs,2025-11-07,FALSE,2215,882.58,841.6,19.32,860.92,0.37,0.38,0.39,21.67,0.02,1.9
Voltron Interactive LLC - Jobs,2025-11-08,TRUE,2210,935.56,848,21.3,869.3,0.4,0.38,0.39,66.26,0.07,1.97
Voltron Interactive LLC - Jobs,2025-11-09,TRUE,2207,898.98,840.8,18.4,859.2,0.39,0.38,0.39,39.77,0.04,1.95
Voltron Interactive LLC - Jobs,2025-11-10,FALSE,2343,913.88,902,18.12,920.12,0.37,0.38,0.39,-6.24,-0.01,1.96
Voltron Interactive LLC - Jobs,2025-11-11,FALSE,2418,926.96,926.8,20.5,947.3,0.36,0.38,0.39,-20.34,-0.02,2.01
Voltron Interactive LLC - Jobs,2025-11-12,FALSE,2211,971.46,853.6,17.01,870.61,0.41,0.39,0.39,100.84,0.1,2.05
Quantum Response Network - Jobs,2025-10-30,FALSE,3232,1208.6,1166.3,30.87,1197.18,0.34,0.36,0.37,11.42,0.01,1.78
Quantum Response Network - Jobs,2025-10-31,FALSE,2646,971.56,974.57,23.76,998.33,0.34,0.37,0.38,-26.77,-0.03,1.66
Quantum Response Network - Jobs,2025-11-01,TRUE,720,268.23,252.9,11.3,264.2,0.32,0.35,0.37,4.03,0.02,1.49
Quantum Response Network - Jobs,2025-11-02,TRUE,656,261.12,226.54,15.9,242.43,0.37,0.35,0.37,18.69,0.07,1.75
Quantum Response Network - Jobs,2025-11-03,FALSE,2537,958.12,914.26,25.8,940.07,0.35,0.36,0.37,18.05,0.02,1.86
Quantum Response Network - Jobs,2025-11-04,FALSE,2759,1078.66,1008.81,19.24,1028.06,0.37,0.37,0.37,50.61,0.05,2.04
Quantum Response Network - Jobs,2025-11-05,FALSE,2856,1106.98,1050.93,15.14,1066.08,0.37,0.37,0.37,40.9,0.04,1.88
Quantum Response Network - Jobs,2025-11-06,FALSE,2827,1072.53,1009.95,14.73,1024.68,0.36,0.36,0.36,47.85,0.04,1.86
Quantum Response Network - Jobs,2025-11-07,FALSE,2576,912.95,944.91,17.53,962.44,0.33,0.37,0.37,-49.49,-0.05,1.84
Quantum Response Network - Jobs,2025-11-08,TRUE,820,315.92,299.06,11.16,310.22,0.34,0.36,0.38,5.7,0.02,1.7
Quantum Response Network - Jobs,2025-11-09,TRUE,734,294.89,267.14,12.11,279.24,0.36,0.36,0.38,15.65,0.05,1.86
Quantum Response Network - Jobs,2025-11-10,FALSE,1723,667.3,624.78,17.25,642.03,0.36,0.36,0.37,25.27,0.04,2.02
Quantum Response Network - Jobs,2025-11-11,FALSE,1227,549.14,444.67,14.15,458.82,0.41,0.36,0.37,90.32,0.16,2.34
Quantum Response Network - Jobs,2025-11-12,FALSE,2436,1079.64,882.6,18.8,901.4,0.42,0.36,0.37,178.24,0.17,2.18
Pushnami LLC - Jobs,2025-10-30,FALSE,1111,178.42,107.01,5.69,112.7,0.15,0.1,0.1,65.72,0.37,1.69
Pushnami LLC - Jobs,2025-10-31,FALSE,981,149.73,90.24,4.67,94.91,0.14,0.09,0.1,54.82,0.37,1.63
Pushnami LLC - Jobs,2025-11-01,TRUE,792,104.15,71.16,4.21,75.37,0.12,0.09,0.1,28.79,0.28,1.42
Pushnami LLC - Jobs,2025-11-02,TRUE,806,118.65,77.88,3.68,81.56,0.14,0.1,0.1,37.09,0.31,1.61
Pushnami LLC - Jobs,2025-11-03,FALSE,1037,163.1,102,6.3,108.3,0.15,0.1,0.1,54.81,0.34,1.71
Pushnami LLC - Jobs,2025-11-04,FALSE,1029,161.3,97.39,4.79,102.18,0.15,0.09,0.1,59.12,0.37,1.67
Pushnami LLC - Jobs,2025-11-05,FALSE,1090,154.94,105.12,3.55,108.67,0.14,0.1,0.1,46.28,0.3,1.62
Pushnami LLC - Jobs,2025-11-06,FALSE,961,141.41,91.32,3.06,94.38,0.14,0.1,0.1,47.03,0.33,1.45
Pushnami LLC - Jobs,2025-11-07,FALSE,1025,141.86,96.43,4.67,101.1,0.13,0.09,0.1,40.76,0.29,1.51
Pushnami LLC - Jobs,2025-11-08,TRUE,871,127.76,81.67,4.38,86.05,0.14,0.09,0.1,41.71,0.33,1.53
Pushnami LLC - Jobs,2025-11-09,TRUE,774,127.31,75.24,3.69,78.93,0.16,0.1,0.1,48.39,0.38,1.65
Pushnami LLC - Jobs,2025-11-10,FALSE,1053,152.83,101.16,4.45,105.61,0.14,0.1,0.1,47.21,0.31,1.59
Pushnami LLC - Jobs,2025-11-11,FALSE,1032,146.11,100.78,5.3,106.08,0.13,0.1,0.1,40.03,0.27,1.72
Pushnami LLC - Jobs,2025-11-12,FALSE,1066,176.93,100.99,5.18,106.17,0.16,0.09,0.1,70.76,0.4,1.62
B2 Direct - Jobs,2025-10-30,FALSE,1132,188.64,111,13.21,124.21,0.11,0.1,0.11,64.43,0.34,1.76
B2 Direct - Jobs,2025-10-31,FALSE,1306,187.37,138,9.93,147.93,0.12,0.11,0.11,39.44,0.21,1.8
B2 Direct - Jobs,2025-11-01,TRUE,1116,149.51,108,6.4,114.4,0.11,0.1,0.1,35.11,0.23,1.74
B2 Direct - Jobs,2025-11-02,TRUE,1146,148.86,108,7.4,115.4,0.11,0.09,0.1,33.46,0.22,1.74
B2 Direct - Jobs,2025-11-03,FALSE,1110,135.26,96,7.36,103.36,0.1,0.09,0.09,31.9,0.24,1.82
B2 Direct - Jobs,2025-11-04,FALSE,972,121.64,93,6.17,99.17,0.1,0.1,0.1,22.47,0.18,1.99
B2 Direct - Jobs,2025-11-05,FALSE,844,104.53,81,4.46,85.46,0.11,0.1,0.1,19.07,0.18,1.91
B2 Direct - Jobs,2025-11-06,FALSE,855,110.7,78,3.71,81.71,0.1,0.09,0.1,28.99,0.26,1.67
B2 Direct - Jobs,2025-11-07,FALSE,795,84.48,69,4.86,73.86,0.09,0.09,0.09,10.61,0.13,1.86
B2 Direct - Jobs,2025-11-08,TRUE,753,92.22,69,4.72,73.72,0.11,0.09,0.1,18.49,0.2,1.73
B2 Direct - Jobs,2025-11-09,TRUE,785,103.78,81,5.2,86.2,0.11,0.1,0.11,17.58,0.17,1.81
B2 Direct - Jobs,2025-11-10,FALSE,815,89.62,66,4.99,70.99,0.09,0.08,0.09,18.63,0.21,1.69
B2 Direct - Jobs,2025-11-11,FALSE,730,82.94,69,6.02,75.02,0.09,0.09,0.1,7.92,0.1,1.88
B2 Direct - Jobs,2025-11-12,FALSE,1152,165.74,126,5.79,131.79,0.12,0.11,0.11,33.95,0.2,1.88
Affroyal LLC - Jobs,2025-10-30,FALSE,1063,216.11,172.5,6.56,179.06,0.19,0.16,0.17,37.05,0.17,2.48
Affroyal LLC - Jobs,2025-10-31,FALSE,808,155.62,114,5.98,119.98,0.18,0.14,0.15,35.64,0.23,2.34
Affroyal LLC - Jobs,2025-11-01,TRUE,738,127.98,91.5,3.72,95.22,0.17,0.12,0.13,32.76,0.26,2.3
Affroyal LLC - Jobs,2025-11-02,TRUE,649,119.73,96,4,100,0.18,0.15,0.15,19.73,0.16,2.22
Affroyal LLC - Jobs,2025-11-03,FALSE,749,168.68,136.5,5.12,141.62,0.22,0.18,0.19,27.06,0.16,2.29
Affroyal LLC - Jobs,2025-11-04,FALSE,1005,199.01,129,3.88,132.88,0.19,0.13,0.13,66.12,0.33,2.21
Affroyal LLC - Jobs,2025-11-05,FALSE,848,174.95,126,3,129,0.2,0.15,0.15,45.96,0.26,2.04
Affroyal LLC - Jobs,2025-11-06,FALSE,964,158.36,115.5,3.01,118.51,0.16,0.12,0.12,39.84,0.25,1.9
Affroyal LLC - Jobs,2025-11-07,FALSE,694,134.62,123,2.92,125.92,0.19,0.18,0.18,8.7,0.06,2.2
Affroyal LLC - Jobs,2025-11-08,TRUE,814,116.97,94.5,3.35,97.85,0.14,0.12,0.12,19.13,0.16,2.05
Affroyal LLC - Jobs,2025-11-09,TRUE,954,152.31,126,2.49,128.49,0.16,0.13,0.13,23.82,0.16,2.76
Affroyal LLC - Jobs,2025-11-10,FALSE,1130,214.87,184.5,3.39,187.89,0.18,0.16,0.17,26.98,0.13,2.11
Affroyal LLC - Jobs,2025-11-11,FALSE,1085,278.33,213,3.26,216.26,0.25,0.2,0.2,62.07,0.22,2.67
Affroyal LLC - Jobs,2025-11-12,FALSE,1448,309.97,232.5,2.66,235.16,0.21,0.16,0.16,74.81,0.24,2.6
Upward - XML - Jobs,2025-10-30,FALSE,1321,210.58,159,6.94,165.94,0.14,0.12,0.13,44.65,0.21,2.01
Upward - XML - Jobs,2025-10-31,FALSE,1427,223.01,165,7.18,172.18,0.14,0.12,0.12,50.83,0.23,1.95
Upward - XML - Jobs,2025-11-01,TRUE,909,128.71,93,4.34,97.34,0.13,0.1,0.11,31.37,0.24,1.84
Upward - XML - Jobs,2025-11-02,TRUE,816,115.63,90,3.39,93.39,0.13,0.11,0.11,22.23,0.19,1.87
Upward - XML - Jobs,2025-11-03,FALSE,907,179.56,136,5.05,141.05,0.18,0.15,0.16,38.51,0.21,1.99
Upward - XML - Jobs,2025-11-04,FALSE,883,153.7,121,4.2,125.2,0.16,0.14,0.14,28.5,0.19,2.11
Upward - XML - Jobs,2025-11-05,FALSE,973,144.99,111,3.25,114.25,0.13,0.11,0.12,30.75,0.21,1.78
Upward - XML - Jobs,2025-11-06,FALSE,865,145.85,114,3.14,117.14,0.16,0.13,0.14,28.71,0.2,1.96
Upward - XML - Jobs,2025-11-07,FALSE,1046,155.53,123,3.66,126.66,0.14,0.12,0.12,28.87,0.19,1.88
Upward - XML - Jobs,2025-11-08,TRUE,924,117.68,94,4.14,98.14,0.12,0.1,0.11,19.54,0.17,1.89
Upward - XML - Jobs,2025-11-09,TRUE,665,89.65,70,2.77,72.77,0.12,0.11,0.11,16.88,0.19,1.88
Upward - XML - Jobs,2025-11-10,FALSE,683,104.33,83,3.04,86.04,0.14,0.12,0.13,18.29,0.18,1.86
Upward - XML - Jobs,2025-11-11,FALSE,574,68.12,46,2.6,48.6,0.09,0.08,0.08,19.52,0.29,2.02
Upward - XML - Jobs,2025-11-12,FALSE,718,75.97,53,2.26,55.26,0.09,0.07,0.08,20.71,0.27,2.16
WhatIf Media (Jobs),2025-10-30,FALSE,984,399.9,355.94,14.28,370.22,0.36,0.36,0.38,29.68,0.07,1.73
WhatIf Media (Jobs),2025-10-31,FALSE,717,278.85,261.96,11.09,273.05,0.34,0.37,0.38,5.8,0.02,1.62
WhatIf Media (Jobs),2025-11-01,TRUE,576,231.15,208.68,7.72,216.4,0.38,0.36,0.38,14.75,0.06,1.69
WhatIf Media (Jobs),2025-11-02,TRUE,638,244.97,231.99,7.83,239.82,0.36,0.36,0.38,5.15,0.02,1.73
WhatIf Media (Jobs),2025-11-03,FALSE,928,368.93,336.33,11.04,347.37,0.37,0.36,0.37,21.56,0.06,1.71
WhatIf Media (Jobs),2025-11-04,FALSE,893,376.96,323.75,9.18,332.93,0.39,0.36,0.37,44.04,0.12,1.97
WhatIf Media (Jobs),2025-11-05,FALSE,929,370.44,334.48,7.76,342.24,0.37,0.36,0.37,28.21,0.08,1.84
WhatIf Media (Jobs),2025-11-06,FALSE,929,353.41,331.52,7,338.52,0.36,0.36,0.36,14.88,0.04,1.8
WhatIf Media (Jobs),2025-11-07,FALSE,742,292.06,260.85,7.38,268.23,0.37,0.35,0.36,23.83,0.08,1.81
WhatIf Media (Jobs),2025-11-08,TRUE,703,253.14,249.75,7.69,257.44,0.34,0.36,0.37,-4.3,-0.02,1.81
WhatIf Media (Jobs),2025-11-09,TRUE,813,318.3,293.41,6.96,300.37,0.37,0.36,0.37,17.93,0.06,1.91
WhatIf Media (Jobs),2025-11-10,FALSE,991,371.77,354.46,7.51,361.97,0.35,0.36,0.37,9.8,0.03,1.81
WhatIf Media (Jobs),2025-11-11,FALSE,897,335.06,317.09,7.84,324.93,0.34,0.35,0.36,10.12,0.03,1.87
WhatIf Media (Jobs),2025-11-12,FALSE,889,338.48,319.31,7.85,327.16,0.35,0.36,0.37,11.32,0.03,1.93
PJ Centerprise - Jobs,2025-10-30,FALSE,688,250.31,220.41,7.74,228.15,0.32,0.32,0.33,22.16,0.09,1.88
PJ Centerprise - Jobs,2025-10-31,FALSE,616,209.25,195.92,5.7,201.62,0.31,0.32,0.33,7.64,0.04,1.68
PJ Centerprise - Jobs,2025-11-01,TRUE,571,204.81,180.42,4.39,184.81,0.35,0.32,0.32,20,0.1,1.68
PJ Centerprise - Jobs,2025-11-02,TRUE,673,239.83,212.97,5.4,218.37,0.35,0.32,0.32,21.46,0.09,1.68
PJ Centerprise - Jobs,2025-11-03,FALSE,736,278.86,240.87,6.68,247.55,0.35,0.33,0.34,31.31,0.11,1.78
PJ Centerprise - Jobs,2025-11-04,FALSE,596,202.63,187.24,4.33,191.57,0.32,0.31,0.32,11.06,0.05,1.99
PJ Centerprise - Jobs,2025-11-05,FALSE,520,203.4,167.09,3.15,170.24,0.34,0.32,0.33,33.16,0.16,1.89
PJ Centerprise - Jobs,2025-11-06,FALSE,483,174.07,155.93,3.34,159.27,0.34,0.32,0.33,14.8,0.09,1.81
PJ Centerprise - Jobs,2025-11-07,FALSE,431,156.23,134.23,4.16,138.39,0.32,0.31,0.32,17.84,0.11,1.83
PJ Centerprise - Jobs,2025-11-08,TRUE,553,209.87,182.9,4.77,187.67,0.35,0.33,0.34,22.2,0.11,1.99
PJ Centerprise - Jobs,2025-11-09,TRUE,691,265.72,228.16,4.51,232.67,0.36,0.33,0.34,33.05,0.12,2
PJ Centerprise - Jobs,2025-11-10,FALSE,738,269.67,243.35,4.64,247.99,0.34,0.33,0.34,21.68,0.08,1.75
PJ Centerprise - Jobs,2025-11-11,FALSE,498,190.68,155,5.09,160.09,0.33,0.31,0.32,30.58,0.16,1.93
PJ Centerprise - Jobs,2025-11-12,FALSE,589,198.66,190.96,4.22,195.18,0.31,0.32,0.33,3.48,0.02,2.02
SilverTap - Jobs,2025-10-30,FALSE,480,220.85,142.96,14.83,157.78,0.38,0.3,0.33,63.06,0.29,1.89
SilverTap - Jobs,2025-10-31,FALSE,391,162.61,119.28,12.06,131.33,0.35,0.31,0.34,31.27,0.19,1.85
SilverTap - Jobs,2025-11-01,TRUE,198,81.36,60.64,10.39,71.03,0.34,0.31,0.36,10.33,0.13,1.82
SilverTap - Jobs,2025-11-02,TRUE,175,56.4,48.31,10.37,58.68,0.27,0.28,0.34,-2.28,-0.04,2.17
SilverTap - Jobs,2025-11-03,FALSE,446,185.77,137.97,11.23,149.2,0.37,0.31,0.33,36.58,0.2,2.07
SilverTap - Jobs,2025-11-04,FALSE,508,222.28,158.09,11.76,169.86,0.4,0.31,0.33,52.42,0.24,2.14
SilverTap - Jobs,2025-11-05,FALSE,542,228.36,164.19,11.83,176.02,0.38,0.3,0.32,52.34,0.23,2.04
SilverTap - Jobs,2025-11-06,FALSE,545,223.55,165.63,11.74,177.37,0.37,0.3,0.33,46.18,0.21,1.96
SilverTap - Jobs,2025-11-07,FALSE,517,217.5,160.5,12.18,172.67,0.37,0.31,0.33,44.83,0.21,1.98
SilverTap - Jobs,2025-11-08,TRUE,238,82.87,63.47,12.24,75.71,0.29,0.27,0.32,7.16,0.09,1.91
SilverTap - Jobs,2025-11-09,TRUE,176,71.57,50.29,8.82,59.11,0.31,0.29,0.34,12.46,0.17,2.34
SilverTap - Jobs,2025-11-10,FALSE,491,183.97,149.27,7.1,156.36,0.33,0.3,0.32,27.61,0.15,2.09
SilverTap - Jobs,2025-11-11,FALSE,500,192.35,150.75,7.77,158.52,0.34,0.3,0.32,33.83,0.18,2.09
SilverTap - Jobs,2025-11-12,FALSE,605,252.2,184.73,7.51,192.25,0.37,0.31,0.32,59.96,0.24,2.1
Google Search - Jobs,2025-10-30,FALSE,324,67.09,98.93,1.57,100.5,0.19,0.31,0.31,-33.42,-0.5,1.77
Google Search - Jobs,2025-10-31,FALSE,274,51.85,93.96,1.2,95.15,0.18,0.34,0.35,-43.3,-0.84,1.8
Google Search - Jobs,2025-11-01,TRUE,164,23.1,48.66,0.56,49.23,0.13,0.3,0.3,-26.13,-1.13,1.73
Google Search - Jobs,2025-11-02,TRUE,195,29.89,64.01,0.53,64.54,0.14,0.33,0.33,-34.65,-1.16,2.79
Google Search - Jobs,2025-11-03,FALSE,187,24.64,63.71,0.63,64.34,0.12,0.34,0.34,-39.7,-1.61,2.1
Google Search - Jobs,2025-11-04,FALSE,139,21.86,41.66,0.52,42.18,0.15,0.3,0.3,-20.32,-0.93,2.07
Google Search - Jobs,2025-11-05,FALSE,169,22.79,43.23,0.5,43.74,0.12,0.26,0.26,-20.94,-0.92,2.76
Google Search - Jobs,2025-11-06,FALSE,207,22.41,47.76,0.52,48.28,0.1,0.23,0.23,-25.87,-1.15,1.93
Google Search - Jobs,2025-11-07,FALSE,205,23.31,60.98,0.76,61.75,0.1,0.3,0.3,-38.44,-1.65,1.41
Google Search - Jobs,2025-11-08,TRUE,910,24.96,215.96,1.01,216.97,0.03,0.24,0.24,-192.01,-7.69,1.46
Google Search - Jobs,2025-11-09,TRUE,198,18.15,55.94,0.66,56.59,0.08,0.28,0.29,-38.45,-2.12,1.88
Google Search - Jobs,2025-11-10,FALSE,301,23.67,84.28,0.84,85.13,0.07,0.28,0.28,-61.46,-2.6,1.81
Google Search - Jobs,2025-11-11,FALSE,693,25.34,98.23,1,99.23,0.03,0.14,0.14,-73.88,-2.92,1.55
Google Search - Jobs,2025-11-12,FALSE,247,21.54,58.5,0.9,59.4,0.08,0.24,0.24,-37.86,-1.76,2.12
INTELLIGENT DELIVERY CORP. - Jobs,2025-10-30,FALSE,343,63.95,48,2,50,0.15,0.14,0.15,13.95,0.22,1.66
INTELLIGENT DELIVERY CORP. - Jobs,2025-10-31,FALSE,181,27.45,15,1.75,16.75,0.12,0.08,0.09,10.7,0.39,1.46
INTELLIGENT DELIVERY CORP. - Jobs,2025-11-01,TRUE,96,20.27,18,1.2,19.2,0.19,0.19,0.2,1.07,0.05,2
INTELLIGENT DELIVERY CORP. - Jobs,2025-11-02,TRUE,128,18.42,15,1.23,16.23,0.13,0.12,0.13,2.19,0.12,1.74
INTELLIGENT DELIVERY CORP. - Jobs,2025-11-03,FALSE,152,37.78,27,1.36,28.36,0.21,0.18,0.19,9.42,0.25,1.63
INTELLIGENT DELIVERY CORP. - Jobs,2025-11-04,FALSE,191,46.55,30,1.51,31.51,0.19,0.16,0.16,15.05,0.32,1.82
INTELLIGENT DELIVERY CORP. - Jobs,2025-11-05,FALSE,242,45.93,39,1.36,40.36,0.18,0.16,0.17,5.57,0.12,1.84
INTELLIGENT DELIVERY CORP. - Jobs,2025-11-06,FALSE,388,65.36,57,1.46,58.46,0.15,0.15,0.15,6.9,0.11,1.69
INTELLIGENT DELIVERY CORP. - Jobs,2025-11-07,FALSE,611,112.09,93,2.15,95.15,0.18,0.15,0.16,16.94,0.15,1.87
INTELLIGENT DELIVERY CORP. - Jobs,2025-11-08,TRUE,353,59.91,57,1.63,58.63,0.16,0.16,0.17,1.28,0.02,1.91
INTELLIGENT DELIVERY CORP. - Jobs,2025-11-09,TRUE,347,68.81,54,1.55,55.55,0.19,0.16,0.16,13.27,0.19,1.77
INTELLIGENT DELIVERY CORP. - Jobs,2025-11-10,FALSE,426,72.74,60,1.52,61.52,0.16,0.14,0.14,11.22,0.15,1.97
INTELLIGENT DELIVERY CORP. - Jobs,2025-11-11,FALSE,468,83.44,72,1.71,73.71,0.16,0.15,0.16,9.73,0.12,1.73
INTELLIGENT DELIVERY CORP. - Jobs,2025-11-12,FALSE,264,55.52,51,0.96,51.96,0.19,0.19,0.2,3.56,0.06,2.22
"Emersive, Inc. - Jobs",2025-10-30,FALSE,100,11.07,12.53,1.5,14.03,0.09,0.13,0.14,-2.95,-0.27,1.58
"Emersive, Inc. - Jobs",2025-10-31,FALSE,104,10.8,12.42,1.33,13.75,0.09,0.12,0.13,-2.95,-0.27,1.38
"Emersive, Inc. - Jobs",2025-11-01,TRUE,82,9.02,9.54,1.25,10.79,0.1,0.12,0.13,-1.77,-0.2,1.3
"Emersive, Inc. - Jobs",2025-11-02,TRUE,63,5.56,7.64,1.29,8.93,0.08,0.12,0.14,-3.37,-0.61,1.52
"Emersive, Inc. - Jobs",2025-11-03,FALSE,117,23.35,15.48,1.2,16.68,0.2,0.13,0.14,6.67,0.29,1.57
"Emersive, Inc. - Jobs",2025-11-04,FALSE,101,17.16,13.34,1.28,14.62,0.16,0.13,0.14,2.54,0.15,1.62
"Emersive, Inc. - Jobs",2025-11-05,FALSE,155,22.04,18.97,1.62,20.59,0.14,0.12,0.13,1.45,0.07,1.51
"Emersive, Inc. - Jobs",2025-11-06,FALSE,106,15.5,12.77,1.51,14.28,0.14,0.12,0.13,1.23,0.08,1.36
"Emersive, Inc. - Jobs",2025-11-07,FALSE,100,15.5,12.58,1.48,14.06,0.15,0.13,0.14,1.44,0.09,1.31
"Emersive, Inc. - Jobs",2025-11-08,TRUE,135,21.67,16.33,1.39,17.72,0.15,0.12,0.13,3.95,0.18,1.75
"Emersive, Inc. - Jobs",2025-11-09,TRUE,85,16.89,9.74,1.2,10.94,0.19,0.11,0.13,5.95,0.35,1.91
"Emersive, Inc. - Jobs",2025-11-10,FALSE,119,15.8,15.93,0.9,16.83,0.12,0.13,0.14,-1.03,-0.07,1.58
"Emersive, Inc. - Jobs",2025-11-11,FALSE,158,22.77,20.83,0.63,21.46,0.14,0.13,0.14,1.31,0.06,2.06
"Emersive, Inc. - Jobs",2025-11-12,FALSE,198,30.1,24.83,0.41,25.24,0.14,0.13,0.13,4.87,0.16,1.55
DMS - Jobs,2025-10-30,FALSE,88,28.43,28.05,1.11,29.16,0.29,0.32,0.33,-0.73,-0.03,1.52
DMS - Jobs,2025-10-31,FALSE,74,30.06,24.75,1.2,25.95,0.39,0.33,0.35,4.11,0.14,1.49
DMS - Jobs,2025-11-01,TRUE,70,25.4,23.43,0.66,24.09,0.34,0.33,0.34,1.31,0.05,1.53
DMS - Jobs,2025-11-02,TRUE,119,47.85,38.28,1.07,39.35,0.39,0.32,0.33,8.51,0.18,1.79
DMS - Jobs,2025-11-03,FALSE,128,54.01,40.92,1.27,42.19,0.39,0.32,0.33,11.82,0.22,1.51
DMS - Jobs,2025-11-04,FALSE,146,53.99,47.19,1.3,48.49,0.35,0.32,0.33,5.5,0.1,1.69
DMS - Jobs,2025-11-05,FALSE,108,39.06,35.31,0.85,36.16,0.34,0.33,0.33,2.9,0.07,1.79
DMS - Jobs,2025-11-06,FALSE,97,38.9,32.01,0.7,32.71,0.38,0.33,0.34,6.18,0.16,1.83
DMS - Jobs,2025-11-07,FALSE,99,37.43,31.68,0.96,32.64,0.36,0.32,0.33,4.8,0.13,1.68
DMS - Jobs,2025-11-08,TRUE,54,23.12,17.49,0.69,18.18,0.41,0.32,0.34,4.94,0.21,1.66
DMS - Jobs,2025-11-09,TRUE,78,26.24,25.08,0.63,25.71,0.33,0.32,0.33,0.53,0.02,1.57
DMS - Jobs,2025-11-10,FALSE,94,39.5,31.02,0.67,31.69,0.41,0.33,0.34,7.82,0.2,1.68
DMS - Jobs,2025-11-11,FALSE,107,45.02,35.64,0.73,36.37,0.39,0.33,0.34,8.65,0.19,1.68
DMS - Jobs,2025-11-12,FALSE,95,43.63,31.35,0.65,32,0.4,0.33,0.34,11.63,0.27,1.63
Offer Greenline Media - Jobs,2025-10-30,FALSE,50,6.41,8,0.14,8.14,0.11,0.16,0.16,-1.73,-0.27,2.6
Offer Greenline Media - Jobs,2025-10-31,FALSE,68,7.76,10,0.14,10.14,0.11,0.15,0.15,-2.39,-0.31,3
Offer Greenline Media - Jobs,2025-11-01,TRUE,261,80.61,44,0.16,44.16,0.31,0.17,0.17,36.46,0.45,4.37
Offer Greenline Media - Jobs,2025-11-02,TRUE,215,60.95,42,0.16,42.16,0.28,0.2,0.2,18.79,0.31,4.2
Offer Greenline Media - Jobs,2025-11-03,FALSE,69,17.03,14,0.23,14.23,0.24,0.2,0.21,2.8,0.16,2.08
Offer Greenline Media - Jobs,2025-11-04,FALSE,69,14.22,8,0.13,8.13,0.21,0.12,0.12,6.09,0.43,1.4
Offer Greenline Media - Jobs,2025-11-05,FALSE,49,9.31,8,0.12,8.12,0.19,0.16,0.17,1.18,0.13,2.2
Offer Greenline Media - Jobs,2025-11-06,FALSE,56,7.53,8,0.08,8.08,0.13,0.14,0.14,-0.55,-0.07,1
Offer Greenline Media - Jobs,2025-11-07,FALSE,39,8.39,8,0.11,8.11,0.22,0.21,0.21,0.28,0.03,2.3
Offer Greenline Media - Jobs,2025-11-08,TRUE,47,13.24,8,0.08,8.08,0.28,0.17,0.17,5.16,0.39,3.67
Offer Greenline Media - Jobs,2025-11-09,TRUE,71,13.78,12,0.05,12.05,0.19,0.17,0.17,1.73,0.13,1
Offer Greenline Media - Jobs,2025-11-10,FALSE,23,3.18,4,0.07,4.07,0.13,0.17,0.18,-0.89,-0.28,1.5
Offer Greenline Media - Jobs,2025-11-11,FALSE,82,13.52,12,0.08,12.08,0.16,0.15,0.15,1.44,0.11,1.72
Offer Greenline Media - Jobs,2025-11-12,FALSE,22,7.39,8,0.05,8.05,0.34,0.36,0.37,-0.66,-0.09,2.36
"Offer Blueprint, LLC - Jobs",2025-10-30,FALSE,49,22.29,16,0,16,0.45,0.33,0.33,6.29,0.28,2.52
"Offer Blueprint, LLC - Jobs",2025-10-31,FALSE,45,19.77,16,0,16,0.44,0.36,0.36,3.77,0.19,2.03
"Offer Blueprint, LLC - Jobs",2025-11-01,TRUE,39,16.81,12,0,12,0.43,0.31,0.31,4.81,0.29,1.7
"Offer Blueprint, LLC - Jobs",2025-11-02,TRUE,46,21.37,16,0,16,0.46,0.35,0.35,5.37,0.25,2.17
"Offer Blueprint, LLC - Jobs",2025-11-03,FALSE,51,20.57,14,0,14,0.4,0.27,0.27,6.57,0.32,2.25
"Offer Blueprint, LLC - Jobs",2025-11-04,FALSE,54,14.83,12,0,12,0.27,0.22,0.22,2.83,0.19,1.97
"Offer Blueprint, LLC - Jobs",2025-11-05,FALSE,52,19.76,14,0,14,0.38,0.27,0.27,5.76,0.29,2.69
"Offer Blueprint, LLC - Jobs",2025-11-06,FALSE,111,30.09,24,0,24,0.27,0.22,0.22,6.09,0.2,2.41
"Offer Blueprint, LLC - Jobs",2025-11-07,FALSE,100,28.44,22,0,22,0.28,0.22,0.22,6.44,0.23,2.51
"Offer Blueprint, LLC - Jobs",2025-11-08,TRUE,88,31.66,24,0,24,0.36,0.27,0.27,7.66,0.24,2.8
"Offer Blueprint, LLC - Jobs",2025-11-09,TRUE,87,34.29,24,0,24,0.39,0.28,0.28,10.29,0.3,2.43
"Offer Blueprint, LLC - Jobs",2025-11-10,FALSE,79,29.6,24,0,24,0.37,0.3,0.3,5.6,0.19,2.37
"Offer Blueprint, LLC - Jobs",2025-11-11,FALSE,73,25.56,20,0,20,0.35,0.27,0.27,5.56,0.22,2.72
"Offer Blueprint, LLC - Jobs",2025-11-12,FALSE,73,27.28,22,0,22,0.37,0.3,0.3,5.28,0.19,2.59
Digipropz LLC - Jobs,2025-10-30,FALSE,49,12.22,6.3,0.5,6.8,0.24,0.13,0.14,5.43,0.44,1.7
Digipropz LLC - Jobs,2025-10-31,FALSE,72,20.32,9,0.42,9.42,0.28,0.13,0.13,10.89,0.54,1.33
Digipropz LLC - Jobs,2025-11-01,TRUE,45,11,6,0.22,6.22,0.24,0.13,0.14,4.78,0.43,1.59
Digipropz LLC - Jobs,2025-11-02,TRUE,60,18.36,9,0.24,9.24,0.31,0.15,0.15,9.12,0.5,1.64
Digipropz LLC - Jobs,2025-11-03,FALSE,71,14.46,9.24,0.28,9.52,0.2,0.13,0.13,4.94,0.34,1.66
Digipropz LLC - Jobs,2025-11-04,FALSE,69,19.29,9.45,0.3,9.75,0.27,0.14,0.14,9.53,0.49,1.98
Digipropz LLC - Jobs,2025-11-05,FALSE,63,16,8.4,0.1,8.5,0.25,0.13,0.13,7.5,0.47,1.51
Digipropz LLC - Jobs,2025-11-06,FALSE,87,16.06,11.34,0.21,11.55,0.18,0.13,0.13,4.52,0.28,1.66
Digipropz LLC - Jobs,2025-11-07,FALSE,56,11.32,7.5,0.3,7.8,0.19,0.13,0.14,3.52,0.31,1.38
Digipropz LLC - Jobs,2025-11-08,TRUE,53,5.96,7.2,0.28,7.48,0.11,0.14,0.14,-1.52,-0.26,1.54
Digipropz LLC - Jobs,2025-11-09,TRUE,58,12.96,7.5,0.28,7.78,0.22,0.13,0.13,5.19,0.4,1.57
Digipropz LLC - Jobs,2025-11-10,FALSE,58,12.89,7.65,0.21,7.86,0.22,0.13,0.14,5.03,0.39,1.71
Digipropz LLC - Jobs,2025-11-11,FALSE,77,18.07,10.2,0.46,10.66,0.23,0.13,0.14,7.41,0.41,1.6
Digipropz LLC - Jobs,2025-11-12,FALSE,53,12.41,7.35,0.31,7.66,0.21,0.14,0.14,4.75,0.38,1.65
Organic Traffic,2025-10-30,FALSE,44,8.75,0,0.07,0.07,0.2,0,0,8.68,0.99,1
Organic Traffic,2025-10-31,FALSE,46,9.68,0,0.07,0.07,0.21,0,0,9.61,0.99,3
Organic Traffic,2025-11-01,TRUE,37,6.68,0,0.05,0.05,0.17,0,0,6.63,0.99,1.67
Organic Traffic,2025-11-02,TRUE,58,9.79,0,0.05,0.05,0.17,0,0,9.74,0.99,2
Organic Traffic,2025-11-03,FALSE,53,12.93,0,0.04,0.04,0.24,0,0,12.89,1,1
Organic Traffic,2025-11-04,FALSE,59,10.48,0,0.04,0.04,0.18,0,0,10.44,1,2.67
Organic Traffic,2025-11-05,FALSE,50,7.04,0,0.05,0.05,0.14,0,0,6.99,0.99,0
Organic Traffic,2025-11-06,FALSE,44,6.52,0,0.04,0.04,0.14,0,0,6.48,0.99,NA
Organic Traffic,2025-11-07,FALSE,63,12.22,0,0.05,0.05,0.19,0,0,12.17,1,2
Organic Traffic,2025-11-08,TRUE,43,5,0,0.04,0.04,0.12,0,0,4.96,0.99,6
Organic Traffic,2025-11-09,TRUE,63,8.73,0,0.04,0.04,0.13,0,0,8.69,1,4
Organic Traffic,2025-11-10,FALSE,47,13.79,0,0.04,0.04,0.29,0,0,13.75,1,NA
Organic Traffic,2025-11-11,FALSE,57,11.61,0,0.05,0.05,0.2,0,0,11.56,1,1
Organic Traffic,2025-11-12,FALSE,44,7.18,0,0.03,0.03,0.16,0,0,7.15,1,0
LeadAxe - Jobs,2025-10-30,FALSE,NA,0,0,0,0,NA,NA,NA,0,NA,NA
LeadAxe - Jobs,2025-10-31,FALSE,6,2.82,0,0,0,0.47,0,0,2.82,1,7
LeadAxe - Jobs,2025-11-01,TRUE,NA,0,0,0,0,NA,NA,NA,0,NA,NA
LeadAxe - Jobs,2025-11-02,TRUE,1,0.02,0,0,0,0.02,0,0,0.02,0.8,NA
LeadAxe - Jobs,2025-11-03,FALSE,1,0,0,0,0,0,0,0,0,NA,NA
LeadAxe - Jobs,2025-11-04,FALSE,NA,0,0,0,0,NA,NA,NA,0,NA,NA
LeadAxe - Jobs,2025-11-05,FALSE,NA,0,0,0,0,NA,NA,NA,0,NA,NA
LeadAxe - Jobs,2025-11-06,FALSE,1,0,0,0,0,0,0,0,0,NA,NA
LeadAxe - Jobs,2025-11-07,FALSE,NA,0,0,0,0,NA,NA,NA,0,NA,NA
LeadAxe - Jobs,2025-11-08,TRUE,NA,0,0,0,0,NA,NA,NA,0,NA,NA
LeadAxe - Jobs,2025-11-09,TRUE,181,9.81,0,0,0,0.05,0,0,9.81,1,4
LeadAxe - Jobs,2025-11-10,FALSE,329,25.93,10,0,10,0.08,0.03,0.03,15.92,0.61,4.25
LeadAxe - Jobs,2025-11-11,FALSE,23,1.03,0,0,0,0.04,0,0,1.03,1,NA
LeadAxe - Jobs,2025-11-12,FALSE,2,0,0,0,0,0,0,0,0,NA,NA
Shift 44 - Jobs,2025-10-30,FALSE,66,20.38,22.11,0.29,22.4,0.31,0.34,0.34,-2.01,-0.1,2.52
Shift 44 - Jobs,2025-10-31,FALSE,28,9.29,8.58,0.2,8.78,0.32,0.31,0.31,0.51,0.06,2.09
Shift 44 - Jobs,2025-11-01,TRUE,14,5.7,4.62,0.13,4.75,0.41,0.33,0.34,0.96,0.17,2.23
Shift 44 - Jobs,2025-11-02,TRUE,12,4.29,3.3,0.14,3.44,0.34,0.28,0.29,0.85,0.2,2.5
Shift 44 - Jobs,2025-11-03,FALSE,27,9.34,8.91,0.09,9,0.34,0.33,0.33,0.34,0.04,3.71
Shift 44 - Jobs,2025-11-04,FALSE,32,11.16,10.56,0.08,10.64,0.35,0.33,0.33,0.52,0.05,2.96
Shift 44 - Jobs,2025-11-05,FALSE,68,20.95,22.11,0.12,22.23,0.31,0.33,0.33,-1.28,-0.06,2.87
Shift 44 - Jobs,2025-11-06,FALSE,54,17.27,17.16,0.15,17.31,0.32,0.32,0.32,-0.05,0,2.7
Shift 44 - Jobs,2025-11-07,FALSE,64,19.57,21.12,0.2,21.32,0.3,0.33,0.33,-1.74,-0.09,2.38
Shift 44 - Jobs,2025-11-08,TRUE,27,15.99,8.91,0.25,9.16,0.59,0.33,0.34,6.83,0.43,2.73
Shift 44 - Jobs,2025-11-09,TRUE,15,5.77,4.95,0.16,5.11,0.37,0.33,0.34,0.66,0.12,2.46
Shift 44 - Jobs,2025-11-10,FALSE,49,17.64,16.5,0.25,16.75,0.35,0.34,0.34,0.89,0.05,2.85
Shift 44 - Jobs,2025-11-11,FALSE,5,0.9,0.99,0.15,1.14,0.13,0.2,0.23,-0.24,-0.27,1.5
Shift 44 - Jobs,2025-11-12,FALSE,51,14.3,16.83,0.25,17.08,0.27,0.33,0.33,-2.78,-0.19,2.2
Surfin Mouse - XML - Jobs,2025-10-30,FALSE,0,0,0,0,0,NA,NA,NA,0,NA,NA
Surfin Mouse - XML - Jobs,2025-10-31,FALSE,NA,0,0,0,0,NA,NA,NA,0,NA,NA
Surfin Mouse - XML - Jobs,2025-11-01,TRUE,NA,0,0,0.01,0.01,NA,NA,NA,-0.01,NA,NA
Surfin Mouse - XML - Jobs,2025-11-02,TRUE,NA,0,0,0.03,0.03,NA,NA,NA,-0.03,NA,NA
Surfin Mouse - XML - Jobs,2025-11-03,FALSE,NA,0,0,0.06,0.06,NA,NA,NA,-0.06,NA,NA
Surfin Mouse - XML - Jobs,2025-11-04,FALSE,NA,0,0,0.03,0.03,NA,NA,NA,-0.03,NA,NA
Surfin Mouse - XML - Jobs,2025-11-05,FALSE,NA,0,0,0.04,0.04,NA,NA,NA,-0.04,NA,NA
Surfin Mouse - XML - Jobs,2025-11-06,FALSE,81,10.35,0,0.14,0.14,0.13,0,0,10.21,0.99,2.2
Surfin Mouse - XML - Jobs,2025-11-07,FALSE,238,51.97,0,0.39,0.39,0.22,0,0,51.58,0.99,2.14
Surfin Mouse - XML - Jobs,2025-11-08,TRUE,7,2.75,0,0.06,0.06,0.39,0,0.01,2.69,0.98,5
Surfin Mouse - XML - Jobs,2025-11-09,TRUE,2,0.48,0,0.07,0.07,0.13,0,0.04,0.41,0.85,1.5
Surfin Mouse - XML - Jobs,2025-11-10,FALSE,120,21.27,0,0.22,0.22,0.18,0,0,21.05,0.99,2.14
Surfin Mouse - XML - Jobs,2025-11-11,FALSE,7,1,0,0.09,0.09,0.14,0,0.01,0.91,0.91,1.67
Surfin Mouse - XML - Jobs,2025-11-12,FALSE,1,0,0,0.03,0.03,0,0,0.03,-0.03,NA,NA
Adworks - Jobs,2025-10-30,FALSE,19,5.48,5.1,0.23,5.33,0.28,0.27,0.28,0.15,0.03,2.08
Adworks - Jobs,2025-10-31,FALSE,15,6.03,4.25,0.13,4.38,0.34,0.28,0.29,1.65,0.27,2
Adworks - Jobs,2025-11-01,TRUE,17,3.88,4.76,0.1,4.86,0.22,0.28,0.29,-0.98,-0.25,1.56
Adworks - Jobs,2025-11-02,TRUE,6,4.79,1.36,0.11,1.47,0.48,0.23,0.25,3.31,0.69,2
Adworks - Jobs,2025-11-03,FALSE,21,12.48,5.1,0.2,5.3,0.43,0.24,0.25,7.18,0.58,2.54
Adworks - Jobs,2025-11-04,FALSE,41,8.28,10.88,0.11,10.99,0.17,0.27,0.27,-2.7,-0.33,1.9
Adworks - Jobs,2025-11-05,FALSE,44,13.38,10.71,0.19,10.9,0.3,0.24,0.25,2.48,0.19,2.47
Adworks - Jobs,2025-11-06,FALSE,33,8.37,6.97,0.09,7.06,0.25,0.21,0.21,1.3,0.16,2.4
Adworks - Jobs,2025-11-07,FALSE,35,6.88,7.99,0.08,8.07,0.2,0.23,0.23,-1.19,-0.17,2.7
Adworks - Jobs,2025-11-08,TRUE,18,5.74,4.42,0.13,4.55,0.32,0.25,0.25,1.19,0.21,2
Adworks - Jobs,2025-11-09,TRUE,13,3.22,3.06,0.16,3.22,0.19,0.24,0.25,0,0,2.5
Adworks - Jobs,2025-11-10,FALSE,27,9.67,6.63,0.08,6.71,0.36,0.25,0.25,2.96,0.31,2.61
Adworks - Jobs,2025-11-11,FALSE,31,9.28,7.65,0.16,7.81,0.3,0.25,0.25,1.47,0.16,2.22
Adworks - Jobs,2025-11-12,FALSE,23,10.05,5.61,0.12,5.73,0.44,0.24,0.25,4.33,0.43,2.43
XRG - Jobs,2025-10-30,FALSE,17,2.42,2.23,0.33,2.55,0.13,0.13,0.15,-0.13,-0.05,1.8
XRG - Jobs,2025-10-31,FALSE,14,0.63,1.07,0.24,1.31,0.04,0.08,0.09,-0.68,-1.09,3.33
XRG - Jobs,2025-11-01,TRUE,16,1.68,1.1,0.25,1.35,0.1,0.07,0.08,0.32,0.19,1.57
XRG - Jobs,2025-11-02,TRUE,10,2.06,0.41,0.26,0.68,0.18,0.04,0.07,1.38,0.67,3
XRG - Jobs,2025-11-03,FALSE,16,2.37,0.67,0.29,0.96,0.12,0.04,0.06,1.41,0.6,1.22
XRG - Jobs,2025-11-04,FALSE,24,3.79,2.78,0.33,3.1,0.14,0.12,0.13,0.69,0.18,1.73
XRG - Jobs,2025-11-05,FALSE,13,1.19,1.5,0.27,1.77,0.07,0.12,0.14,-0.58,-0.49,1.33
XRG - Jobs,2025-11-06,FALSE,14,2.92,2.01,0.28,2.29,0.2,0.14,0.16,0.63,0.22,1.9
XRG - Jobs,2025-11-07,FALSE,20,1.5,1.16,0.26,1.42,0.08,0.06,0.07,0.08,0.05,1.4
XRG - Jobs,2025-11-08,TRUE,18,1.91,1.23,0.25,1.48,0.07,0.07,0.08,0.43,0.22,1.33
XRG - Jobs,2025-11-09,TRUE,22,2.23,1.78,0.17,1.96,0.08,0.08,0.09,0.27,0.12,2.5
XRG - Jobs,2025-11-10,FALSE,21,3.53,1.69,0.19,1.88,0.17,0.08,0.09,1.65,0.47,1.4
XRG - Jobs,2025-11-11,FALSE,23,2.12,0.56,0.15,0.72,0.09,0.02,0.03,1.4,0.66,1.15
XRG - Jobs,2025-11-12,FALSE,16,1.59,1.69,0.11,1.8,0.1,0.11,0.11,-0.21,-0.13,1.43
SourcingSquare - XML - Jobs,2025-11-05,FALSE,217,0,0,0,0,0,0,0,0,NA,0.5
Career Wallet Group - XML - Jobs,2025-10-30,FALSE,12,5.03,2,0.07,2.07,0.4,0.17,0.17,2.96,0.59,3.56
Career Wallet Group - XML - Jobs,2025-10-31,FALSE,6,1.86,2,0.05,2.05,0.31,0.33,0.34,-0.2,-0.11,3.75
Career Wallet Group - XML - Jobs,2025-11-01,TRUE,8,0.65,1,0.05,1.05,0.08,0.13,0.13,-0.4,-0.62,1.75
Career Wallet Group - XML - Jobs,2025-11-02,TRUE,8,1.8,2,0.03,2.03,0.14,0.25,0.25,-0.23,-0.13,3
Career Wallet Group - XML - Jobs,2025-11-03,FALSE,8,0.42,0,0.04,0.04,0.05,0,0,0.39,0.92,3
Career Wallet Group - XML - Jobs,2025-11-04,FALSE,12,3.17,2,0.03,2.03,0.26,0.17,0.17,1.14,0.36,2.43
Career Wallet Group - XML - Jobs,2025-11-05,FALSE,18,2.93,2,0.03,2.03,0.16,0.11,0.11,0.9,0.31,1.64
Career Wallet Group - XML - Jobs,2025-11-06,FALSE,5,0.59,1,0.02,1.02,0.12,0.2,0.2,-0.43,-0.72,3.5
Career Wallet Group - XML - Jobs,2025-11-07,FALSE,11,1.09,1,0.04,1.04,0.1,0.09,0.09,0.05,0.04,1.5
Career Wallet Group - XML - Jobs,2025-11-08,TRUE,7,0,0,0.02,0.02,0,0,0,-0.02,NA,3
Career Wallet Group - XML - Jobs,2025-11-09,TRUE,14,3.07,3,0.02,3.02,0.19,0.21,0.22,0.05,0.02,2.17
Career Wallet Group - XML - Jobs,2025-11-10,FALSE,14,1.2,1,0.03,1.03,0.09,0.07,0.07,0.17,0.14,1.67
Career Wallet Group - XML - Jobs,2025-11-11,FALSE,24,3.78,3,0.06,3.06,0.16,0.13,0.13,0.72,0.19,2.78
Career Wallet Group - XML - Jobs,2025-11-12,FALSE,20,4.38,4,0.08,4.08,0.21,0.2,0.2,0.3,0.07,1.64
SBG Media - Jobs,2025-10-30,FALSE,2,0,0,0.02,0.02,0,0,0.01,-0.02,NA,NA
SBG Media - Jobs,2025-10-31,FALSE,NA,0,0,0.02,0.02,NA,NA,NA,-0.02,NA,NA
SBG Media - Jobs,2025-11-01,TRUE,NA,0,0,0.02,0.02,NA,NA,NA,-0.02,NA,NA
SBG Media - Jobs,2025-11-02,TRUE,NA,0,0,0.02,0.02,NA,NA,NA,-0.02,NA,NA
SBG Media - Jobs,2025-11-03,FALSE,1,0.84,1,0.02,1.02,0.61,1,1.02,-0.18,-0.21,1
SBG Media - Jobs,2025-11-04,FALSE,0,0,0,0.01,0.01,NA,NA,NA,-0.01,NA,NA
SBG Media - Jobs,2025-11-05,FALSE,2,0.14,0,0.01,0.01,0.07,0,0.01,0.13,0.91,1
SBG Media - Jobs,2025-11-06,FALSE,2,0.36,0,0.01,0.01,0.18,0,0.01,0.35,0.96,3
SBG Media - Jobs,2025-11-07,FALSE,0,0,0,0.02,0.02,NA,NA,NA,-0.02,NA,NA
SBG Media - Jobs,2025-11-08,TRUE,2,0,0,0.01,0.01,0,0,0.01,-0.01,NA,NA
SBG Media - Jobs,2025-11-09,TRUE,54,2.29,2,0.02,2.02,0.04,0.04,0.04,0.27,0.12,0.69
SBG Media - Jobs,2025-11-10,FALSE,35,1.4,1,0.02,1.02,0.04,0.03,0.03,0.38,0.27,1
SBG Media - Jobs,2025-11-11,FALSE,8,0,0,0.01,0.01,0,0,0,-0.01,NA,NA
SBG Media - Jobs,2025-11-12,FALSE,20,1.07,1,0.04,1.04,0.05,0.05,0.05,0.03,0.03,2
The Mountaintop Network - Jobs,2025-10-30,FALSE,2,0,0,0.15,0.15,0,0,0.08,-0.15,NA,NA
The Mountaintop Network - Jobs,2025-10-31,FALSE,1,0,0,0.14,0.14,0,0,0.14,-0.14,NA,NA
The Mountaintop Network - Jobs,2025-11-01,TRUE,2,0,0,0.13,0.13,0,0,0.06,-0.13,NA,NA
The Mountaintop Network - Jobs,2025-11-02,TRUE,2,0,0,0.14,0.14,0,0,0.07,-0.14,NA,NA
The Mountaintop Network - Jobs,2025-11-03,FALSE,0,0,0,0.21,0.21,NA,NA,NA,-0.21,NA,NA
The Mountaintop Network - Jobs,2025-11-04,FALSE,0,0,0,0.14,0.14,NA,NA,NA,-0.14,NA,NA
The Mountaintop Network - Jobs,2025-11-05,FALSE,2,1.7,0,0.18,0.18,0,0,0.09,1.52,0.9,NA
The Mountaintop Network - Jobs,2025-11-06,FALSE,4,0,0,0.17,0.17,0,0,0.04,-0.17,NA,NA
The Mountaintop Network - Jobs,2025-11-07,FALSE,1,0,0,0.17,0.17,0,0,0.17,-0.17,NA,NA
The Mountaintop Network - Jobs,2025-11-08,TRUE,2,0,0,0.15,0.15,0,0,0.07,-0.15,NA,NA
The Mountaintop Network - Jobs,2025-11-09,TRUE,4,0,0,0.12,0.12,0,0,0.03,-0.12,NA,NA
The Mountaintop Network - Jobs,2025-11-10,FALSE,0,0,0,0.1,0.1,NA,NA,NA,-0.1,NA,NA
The Mountaintop Network - Jobs,2025-11-11,FALSE,2,0,0,0.08,0.08,0,0,0.04,-0.08,NA,NA
The Mountaintop Network - Jobs,2025-11-12,FALSE,3,0,0,0.06,0.06,0,0,0.02,-0.06,NA,NA
Joblovin LLC - Jobs,2025-10-30,FALSE,1,0,0,0.53,0.53,0,0,0.53,-0.53,NA,NA
Joblovin LLC - Jobs,2025-10-31,FALSE,1,0.68,0,0.52,0.52,0,0,0.52,0.15,0.23,NA
Joblovin LLC - Jobs,2025-11-01,TRUE,3,0.46,0,0.53,0.53,0,0,0.18,-0.07,-0.16,NA
Joblovin LLC - Jobs,2025-11-02,TRUE,5,0.45,0.3,0.55,0.85,0.09,0.06,0.17,-0.4,-0.9,2
Joblovin LLC - Jobs,2025-11-03,FALSE,0,0,0,0.68,0.68,NA,NA,NA,-0.68,NA,NA
Joblovin LLC - Jobs,2025-11-04,FALSE,1,0,0,0.5,0.5,0,0,0.5,-0.5,NA,NA
Joblovin LLC - Jobs,2025-11-05,FALSE,2,0,0,0.64,0.64,0,0,0.32,-0.64,NA,NA
Joblovin LLC - Jobs,2025-11-06,FALSE,1,0.53,0,0.6,0.6,0,0,0.6,-0.07,-0.14,NA
Joblovin LLC - Jobs,2025-11-07,FALSE,1,0,0,0.6,0.6,0,0,0.6,-0.6,NA,NA
Joblovin LLC - Jobs,2025-11-08,TRUE,0,0,0,0.54,0.54,NA,NA,NA,-0.54,NA,NA
Joblovin LLC - Jobs,2025-11-09,TRUE,0,0,0,0.46,0.46,NA,NA,NA,-0.46,NA,NA
Joblovin LLC - Jobs,2025-11-10,FALSE,1,0,0,0.36,0.36,0,0,0.36,-0.36,NA,NA
Joblovin LLC - Jobs,2025-11-11,FALSE,1,0.46,0,0.38,0.38,0,0,0.38,0.08,0.17,NA
Joblovin LLC - Jobs,2025-11-12,FALSE,2,0,0.6,0.29,0.89,0,0.3,0.44,-0.89,NA,NA
Fightmob Jobs,2025-11-10,FALSE,11,0,0,0,0,0,0,0,0,NA,NA
Fightmob Jobs,2025-11-11,FALSE,7,0,0,0,0,0,0,0,0,NA,NA
Clickso - Jobs,2025-10-30,FALSE,1,0,0,0,0,0,0,0,0,NA,NA
Clickso - Jobs,2025-10-31,FALSE,NA,0,0,0,0,NA,NA,NA,0,NA,NA
Clickso - Jobs,2025-11-03,FALSE,6,0,0,0,0,0,0,0,0,NA,NA
Clickso - Jobs,2025-11-04,FALSE,6,0.19,0,0,0,0.03,0,0,0.19,1,3
Clickso - Jobs,2025-11-05,FALSE,1,0,0,0,0,0,0,0,0,NA,NA
Clickso - Jobs,2025-11-06,FALSE,NA,0,0,0,0,NA,NA,NA,0,NA,NA
Clickso - Jobs,2025-11-07,FALSE,NA,0,0,0,0,NA,NA,NA,0,NA,NA
Clickso - Jobs,2025-11-08,TRUE,NA,0,0,0,0,NA,NA,NA,0,NA,NA
Clickso - Jobs,2025-11-09,TRUE,NA,0,0,0,0,NA,NA,NA,0,NA,NA
Clickso - Jobs,2025-11-10,FALSE,1,0,0,0,0,0,0,0,0,NA,NA
Clickso - Jobs,2025-11-11,FALSE,1,0,0,0,0,0,0,0,0,NA,NA
Clickso - Jobs,2025-11-12,FALSE,NA,0,0,0,0,NA,NA,NA,0,NA,NA
Finunited Careers - Jobs,2025-10-30,FALSE,0,0,0,0.05,0.05,NA,NA,NA,-0.05,NA,NA
Finunited Careers - Jobs,2025-10-31,FALSE,2,0.39,0,0.04,0.04,0.2,0,0.02,0.35,0.89,1
Finunited Careers - Jobs,2025-11-01,TRUE,1,0,0,0.04,0.04,0,0,0.04,-0.04,NA,NA
Finunited Careers - Jobs,2025-11-02,TRUE,1,0,0,0.04,0.04,0,0,0.04,-0.04,NA,NA
Finunited Careers - Jobs,2025-11-03,FALSE,NA,1.44,0,0.04,0.04,NA,NA,NA,1.4,0.97,NA
Finunited Careers - Jobs,2025-11-04,FALSE,NA,0,0,0.03,0.03,NA,NA,NA,-0.03,NA,NA
Finunited Careers - Jobs,2025-11-05,FALSE,NA,0.54,0,0.04,0.04,NA,NA,NA,0.5,0.92,NA
Finunited Careers - Jobs,2025-11-06,FALSE,NA,0,0,0.04,0.04,NA,NA,NA,-0.04,NA,NA
Finunited Careers - Jobs,2025-11-07,FALSE,3,0,0,0.04,0.04,0,0,0.01,-0.04,NA,0
Finunited Careers - Jobs,2025-11-08,TRUE,NA,0,0,0.04,0.04,NA,NA,NA,-0.04,NA,NA
Finunited Careers - Jobs,2025-11-09,TRUE,NA,0,0,0.03,0.03,NA,NA,NA,-0.03,NA,NA
Finunited Careers - Jobs,2025-11-10,FALSE,1,0.46,0,0.03,0.03,0,0,0.03,0.43,0.94,NA
Finunited Careers - Jobs,2025-11-11,FALSE,NA,0,0,0.03,0.03,NA,NA,NA,-0.03,NA,NA
Finunited Careers - Jobs,2025-11-12,FALSE,NA,0,0,0.02,0.02,NA,NA,NA,-0.02,NA,NA
Charm Ads LLC - Jobs,2025-10-30,FALSE,0,0,0,0.32,0.32,NA,NA,NA,-0.32,NA,NA
Charm Ads LLC - Jobs,2025-10-31,FALSE,1,0,0,0.3,0.3,0,0,0.3,-0.3,NA,NA
Charm Ads LLC - Jobs,2025-11-01,TRUE,1,0,0,0.26,0.26,0,0,0.26,-0.26,NA,NA
Charm Ads LLC - Jobs,2025-11-02,TRUE,1,0,0,0.3,0.3,0,0,0.3,-0.3,NA,NA
Charm Ads LLC - Jobs,2025-11-03,FALSE,0,0,0,0.33,0.33,NA,NA,NA,-0.33,NA,NA
Charm Ads LLC - Jobs,2025-11-04,FALSE,0,0,0,0.29,0.29,NA,NA,NA,-0.29,NA,NA
Charm Ads LLC - Jobs,2025-11-05,FALSE,NA,0,0,0.38,0.38,NA,NA,NA,-0.38,NA,NA
Charm Ads LLC - Jobs,2025-11-06,FALSE,NA,0,0,0.35,0.35,NA,NA,NA,-0.35,NA,NA
Charm Ads LLC - Jobs,2025-11-07,FALSE,1,0.23,0,0.36,0.36,0,0,0.36,-0.13,-0.56,NA
Charm Ads LLC - Jobs,2025-11-08,TRUE,NA,0,0,0.34,0.34,NA,NA,NA,-0.34,NA,NA
Charm Ads LLC - Jobs,2025-11-09,TRUE,NA,0,0,0.27,0.27,NA,NA,NA,-0.27,NA,NA
Charm Ads LLC - Jobs,2025-11-10,FALSE,1,0,0,0.21,0.21,0,0,0.21,-0.21,NA,NA
Charm Ads LLC - Jobs,2025-11-11,FALSE,2,0,0,0.19,0.19,0,0,0.09,-0.19,NA,NA
Charm Ads LLC - Jobs,2025-11-12,FALSE,1,0.23,0,0.14,0.14,0,0,0.14,0.09,0.37,NA
All inbox(SMS) - Jobs,2025-10-30,FALSE,0,0,0,0.01,0.01,NA,NA,NA,-0.01,NA,NA
All inbox(SMS) - Jobs,2025-10-31,FALSE,0,0,0,0.01,0.01,NA,NA,NA,-0.01,NA,NA
All inbox(SMS) - Jobs,2025-11-01,TRUE,0,0,0,0.01,0.01,NA,NA,NA,-0.01,NA,NA
All inbox(SMS) - Jobs,2025-11-02,TRUE,2,0,0,0.01,0.01,0,0,0.01,-0.01,NA,NA
All inbox(SMS) - Jobs,2025-11-03,FALSE,0,0,0,0.03,0.03,NA,NA,NA,-0.03,NA,NA
All inbox(SMS) - Jobs,2025-11-04,FALSE,2,0,0,0.01,0.01,0,0,0,-0.01,NA,NA
All inbox(SMS) - Jobs,2025-11-05,FALSE,NA,0,0,0.01,0.01,NA,NA,NA,-0.01,NA,NA
All inbox(SMS) - Jobs,2025-11-06,FALSE,1,0,0,0.01,0.01,0,0,0.01,-0.01,NA,NA
All inbox(SMS) - Jobs,2025-11-07,FALSE,NA,0,0,0.01,0.01,NA,NA,NA,-0.01,NA,NA
All inbox(SMS) - Jobs,2025-11-08,TRUE,1,0,0,0.01,0.01,0,0,0.01,-0.01,NA,NA
All inbox(SMS) - Jobs,2025-11-09,TRUE,NA,0,0,0.01,0.01,NA,NA,NA,-0.01,NA,NA
All inbox(SMS) - Jobs,2025-11-10,FALSE,0,0,0,0.01,0.01,NA,NA,NA,-0.01,NA,NA
All inbox(SMS) - Jobs,2025-11-11,FALSE,NA,0,0,0.01,0.01,NA,NA,NA,-0.01,NA,NA
All inbox(SMS) - Jobs,2025-11-12,FALSE,1,0,0,0.01,0.01,0,0,0.01,-0.01,NA,0
Resume-Library limited - XML - Jobs,2025-11-05,FALSE,5,1.14,1,0,1,0.23,0.2,0.2,0.14,0.12,5
Resume-Library limited - XML - Jobs,2025-11-06,FALSE,1,0,0,0,0,0,0,0,0,NA,NA
Freestyle Media - Jobs,2025-10-30,FALSE,1,0.4,0,0.09,0.09,0,0,0.09,0.31,0.77,NA
Freestyle Media - Jobs,2025-10-31,FALSE,0,0.18,0,0.06,0.06,NA,NA,NA,0.12,0.69,NA
Freestyle Media - Jobs,2025-11-01,TRUE,NA,1.49,0,0.04,0.04,NA,NA,NA,1.46,0.98,NA
Freestyle Media - Jobs,2025-11-02,TRUE,0,0.87,0,0.04,0.04,NA,NA,NA,0.83,0.95,NA
Freestyle Media - Jobs,2025-11-03,FALSE,3,0.8,0,0.06,0.06,0,0,0.02,0.74,0.92,NA
Freestyle Media - Jobs,2025-11-04,FALSE,0,0.46,0,0.05,0.05,NA,NA,NA,0.41,0.89,NA
Freestyle Media - Jobs,2025-11-05,FALSE,0,0,0,0.05,0.05,NA,NA,NA,-0.05,NA,NA
Freestyle Media - Jobs,2025-11-06,FALSE,NA,0,0,0.05,0.05,NA,NA,NA,-0.05,NA,NA
Freestyle Media - Jobs,2025-11-07,FALSE,1,0.69,0,0.06,0.06,0,0,0.06,0.63,0.92,NA
Freestyle Media - Jobs,2025-11-08,TRUE,0,0.23,0,0.05,0.05,NA,NA,NA,0.18,0.77,NA
Freestyle Media - Jobs,2025-11-09,TRUE,NA,0.23,0,0.04,0.04,NA,NA,NA,0.19,0.82,NA
Freestyle Media - Jobs,2025-11-10,FALSE,1,0,0,0.03,0.03,0,0,0.03,-0.03,NA,NA
Freestyle Media - Jobs,2025-11-11,FALSE,0,0.23,0,0.03,0.03,NA,NA,NA,0.2,0.87,NA
Freestyle Media - Jobs,2025-11-12,FALSE,NA,0.46,0,0.03,0.03,NA,NA,NA,0.43,0.95,NA
Facebook Ads - Jobs,2025-10-30,FALSE,0,0,0,0,0,NA,NA,NA,0,NA,NA
Facebook Ads - Jobs,2025-10-31,FALSE,0,0,0,0,0,NA,NA,NA,0,NA,NA
Facebook Ads - Jobs,2025-11-01,TRUE,0,0,0,0,0,NA,NA,NA,0,NA,NA
Facebook Ads - Jobs,2025-11-02,TRUE,0,0,0,0,0,NA,NA,NA,0,NA,NA
Facebook Ads - Jobs,2025-11-03,FALSE,1,0,0,0,0,0,0,0,0,NA,NA
Facebook Ads - Jobs,2025-11-04,FALSE,0,0,0,0,0,NA,NA,NA,0,NA,NA
Facebook Ads - Jobs,2025-11-06,FALSE,1,0,0,0,0,0,0,0,0,NA,NA
Facebook Ads - Jobs,2025-11-07,FALSE,0,0,0,0,0,NA,NA,NA,0,NA,NA
Facebook Ads - Jobs,2025-11-08,TRUE,0,0,0,0,0,NA,NA,NA,0,NA,NA
Facebook Ads - Jobs,2025-11-09,TRUE,1,0,0,0,0,0,0,0,0,NA,NA
Facebook Ads - Jobs,2025-11-10,FALSE,2,0,0,0,0,0,0,0,0,NA,NA
Facebook Ads - Jobs,2025-11-11,FALSE,0,0,0,0,0,NA,NA,NA,0,NA,NA
Facebook Ads - Jobs,2025-11-12,FALSE,0,0,0,0,0,NA,NA,NA,0,NA,NA
MD ARIFUL ISLAM - Jobs,2025-11-12,FALSE,3,0,0,0,0,0,0,0,0,NA,NA
Affiliati Network LLC - Jobs 2.0,2025-10-30,FALSE,1,0,0,0,0,0,0,0,0,NA,NA
Affiliati Network LLC - Jobs 2.0,2025-11-03,FALSE,2,0,0,0,0,0,0,0,0,NA,NA
Affiliati Network LLC - Jobs 2.0,2025-11-05,FALSE,0,0,0,0,0,NA,NA,NA,0,NA,NA
Vicero LLC - Jobs,2025-10-30,FALSE,NA,0,0,0.01,0.01,NA,NA,NA,-0.01,NA,NA
Vicero LLC - Jobs,2025-10-31,FALSE,NA,0,0,0.01,0.01,NA,NA,NA,-0.01,NA,NA
Vicero LLC - Jobs,2025-11-01,TRUE,1,0,0,0.01,0.01,0,0,0.01,-0.01,NA,NA
Vicero LLC - Jobs,2025-11-02,TRUE,NA,0,0,0.01,0.01,NA,NA,NA,-0.01,NA,NA
Vicero LLC - Jobs,2025-11-03,FALSE,0,0.37,0,0.01,0.01,NA,NA,NA,0.36,0.99,NA
Vicero LLC - Jobs,2025-11-04,FALSE,0,0,0,0.01,0.01,NA,NA,NA,-0.01,NA,NA
Vicero LLC - Jobs,2025-11-05,FALSE,0,0.3,0,0.02,0.02,NA,NA,NA,0.29,0.95,NA
Vicero LLC - Jobs,2025-11-06,FALSE,NA,0,0,0.01,0.01,NA,NA,NA,-0.01,NA,NA
Vicero LLC - Jobs,2025-11-07,FALSE,NA,0.23,0,0.01,0.01,NA,NA,NA,0.22,0.95,NA
Vicero LLC - Jobs,2025-11-08,TRUE,0,0,0,0.01,0.01,NA,NA,NA,-0.01,NA,NA
Vicero LLC - Jobs,2025-11-09,TRUE,NA,0,0,0.01,0.01,NA,NA,NA,-0.01,NA,NA
Vicero LLC - Jobs,2025-11-10,FALSE,0,0,0,0.01,0.01,NA,NA,NA,-0.01,NA,NA
Vicero LLC - Jobs,2025-11-11,FALSE,NA,0,0,0,0,NA,NA,NA,0,NA,NA
Vicero LLC - Jobs,2025-11-12,FALSE,1,0,0,0,0,0,0,0,0,NA,NA
Point2Web - Jobs,2025-10-30,FALSE,NA,0,0,0,0,NA,NA,NA,0,NA,NA
Point2Web - Jobs,2025-10-31,FALSE,NA,0,0,0,0,NA,NA,NA,0,NA,NA
Point2Web - Jobs,2025-11-03,FALSE,NA,0,0,0,0,NA,NA,NA,0,NA,NA
Point2Web - Jobs,2025-11-04,FALSE,1,0,0,0,0,0,0,0,0,NA,NA
Point2Web - Jobs,2025-11-05,FALSE,NA,0,0,0,0,NA,NA,NA,0,NA,NA
Point2Web - Jobs,2025-11-06,FALSE,NA,0,0,0,0,NA,NA,NA,0,NA,NA
Point2Web - Jobs,2025-11-07,FALSE,NA,0,0,0,0,NA,NA,NA,0,NA,NA
Point2Web - Jobs,2025-11-08,TRUE,NA,0,0,0,0,NA,NA,NA,0,NA,NA
Point2Web - Jobs,2025-11-09,TRUE,NA,0,0,0,0,NA,NA,NA,0,NA,NA
Point2Web - Jobs,2025-11-10,FALSE,NA,0,0,0,0,NA,NA,NA,0,NA,NA
Point2Web - Jobs,2025-11-11,FALSE,NA,0,0,0,0,NA,NA,NA,0,NA,NA
Point2Web - Jobs,2025-11-12,FALSE,1,0,0,0,0,0,0,0,0,NA,NA
LemonTree Ads - Jobs,2025-11-01,TRUE,2,0.9,0,0,0,0.45,0,0,0.9,1,NA
"Fluent, LLC - Jobs",2025-10-30,FALSE,NA,0,0,0.02,0.02,NA,NA,NA,-0.02,NA,NA
"Fluent, LLC - Jobs",2025-10-31,FALSE,NA,0,0,0.01,0.01,NA,NA,NA,-0.01,NA,NA
"Fluent, LLC - Jobs",2025-11-01,TRUE,NA,0,0,0.01,0.01,NA,NA,NA,-0.01,NA,NA
"Fluent, LLC - Jobs",2025-11-02,TRUE,NA,0,0,0.02,0.02,NA,NA,NA,-0.02,NA,NA
"Fluent, LLC - Jobs",2025-11-03,FALSE,NA,0,0,0.02,0.02,NA,NA,NA,-0.02,NA,NA
"Fluent, LLC - Jobs",2025-11-04,FALSE,NA,0,0,0.02,0.02,NA,NA,NA,-0.02,NA,NA
"Fluent, LLC - Jobs",2025-11-05,FALSE,NA,0,0,0.02,0.02,NA,NA,NA,-0.02,NA,NA
"Fluent, LLC - Jobs",2025-11-06,FALSE,2,0,0,0.02,0.02,0,0,0.01,-0.02,NA,NA
"Fluent, LLC - Jobs",2025-11-07,FALSE,0,0,0,0.02,0.02,NA,NA,NA,-0.02,NA,NA
"Fluent, LLC - Jobs",2025-11-08,TRUE,NA,0,0,0.02,0.02,NA,NA,NA,-0.02,NA,NA
"Fluent, LLC - Jobs",2025-11-09,TRUE,0,0,0,0.02,0.02,NA,NA,NA,-0.02,NA,NA
"Fluent, LLC - Jobs",2025-11-10,FALSE,NA,0,0,0.01,0.01,NA,NA,NA,-0.01,NA,NA
"Fluent, LLC - Jobs",2025-11-11,FALSE,NA,0,0,0.01,0.01,NA,NA,NA,-0.01,NA,NA
"Fluent, LLC - Jobs",2025-11-12,FALSE,NA,0,0,0.01,0.01,NA,NA,NA,-0.01,NA,NA
Project Massive - Jobs,2025-10-30,FALSE,1,0,0,0,0,0,0,0,0,NA,NA
Project Massive - Jobs,2025-10-31,FALSE,NA,0,0,0,0,NA,NA,NA,0,NA,NA
Project Massive - Jobs,2025-11-03,FALSE,NA,0,0,0,0,NA,NA,NA,0,NA,NA
Project Massive - Jobs,2025-11-04,FALSE,NA,0,0,0,0,NA,NA,NA,0,NA,NA
Project Massive - Jobs,2025-11-05,FALSE,NA,0,0,0,0,NA,NA,NA,0,NA,NA
Project Massive - Jobs,2025-11-06,FALSE,NA,0,0,0,0,NA,NA,NA,0,NA,NA
Project Massive - Jobs,2025-11-07,FALSE,NA,0,0,0,0,NA,NA,NA,0,NA,NA
Project Massive - Jobs,2025-11-08,TRUE,NA,0,0,0,0,NA,NA,NA,0,NA,NA
Project Massive - Jobs,2025-11-09,TRUE,NA,0,0,0,0,NA,NA,NA,0,NA,NA
Project Massive - Jobs,2025-11-10,FALSE,NA,0,0,0,0,NA,NA,NA,0,NA,NA
Project Massive - Jobs,2025-11-11,FALSE,NA,0,0,0,0,NA,NA,NA,0,NA,NA
Project Massive - Jobs,2025-11-12,FALSE,NA,0,0,0,0,NA,NA,NA,0,NA,NA
"MediaSoft, LLC - Jobs",2025-11-05,FALSE,1,0,0,0,0,0,0,0,0,NA,NA
InterestMedia,2025-10-30,FALSE,1,0.49,0,0,0,0.49,0,0,0.49,1,3
Delivery Edge - XML - Jobs,2025-11-08,TRUE,1,0.45,0,0,0,0.45,0,0,0.45,1,1
Delivery Edge - XML - Jobs,2025-11-12,FALSE,0,0,0,0,0,NA,NA,NA,0,NA,NA
O&O - SMS - Jobs,2025-10-30,FALSE,0,3.69,0,0,0,NA,NA,NA,3.69,1,NA
O&O - SMS - Jobs,2025-10-31,FALSE,0,3.7,0,0,0,NA,NA,NA,3.7,1,NA
O&O - SMS - Jobs,2025-11-01,TRUE,0,1.3,0,0,0,NA,NA,NA,1.3,1,NA
O&O - SMS - Jobs,2025-11-02,TRUE,0,0.68,0,0,0,NA,NA,NA,0.68,1,NA
O&O - SMS - Jobs,2025-11-03,FALSE,0,1.6,0,0,0,NA,NA,NA,1.6,1,NA
O&O - SMS - Jobs,2025-11-04,FALSE,0,1.71,0,0,0,NA,NA,NA,1.71,1,NA
O&O - SMS - Jobs,2025-11-05,FALSE,0,2.55,0,0,0,NA,NA,NA,2.55,1,NA
O&O - SMS - Jobs,2025-11-06,FALSE,0,0,0,0,0,NA,NA,NA,0,NA,NA
O&O - SMS - Jobs,2025-11-07,FALSE,0,1.45,0,0,0,NA,NA,NA,1.45,1,NA
O&O - SMS - Jobs,2025-11-08,TRUE,0,0.09,0,0,0,NA,NA,NA,0.09,1,NA
O&O - SMS - Jobs,2025-11-09,TRUE,0,0.24,0,0,0,NA,NA,NA,0.24,1,NA
O&O - SMS - Jobs,2025-11-10,FALSE,0,1.68,0,0,0,NA,NA,NA,1.68,1,NA
O&O - SMS - Jobs,2025-11-11,FALSE,0,0.57,0,0,0,NA,NA,NA,0.57,1,NA
O&O - SMS - Jobs,2025-11-12,FALSE,0,1.35,0,0,0,NA,NA,NA,1.35,1,NA
O&O - Email - Jobs,2025-10-30,FALSE,0,130.92,0,4.6,4.6,NA,NA,NA,126.31,0.96,NA
O&O - Email - Jobs,2025-10-31,FALSE,0,52.86,0,2.23,2.23,NA,NA,NA,50.63,0.96,NA
O&O - Email - Jobs,2025-11-01,TRUE,0,53.62,0,0.45,0.45,NA,NA,NA,53.17,0.99,NA
O&O - Email - Jobs,2025-11-02,TRUE,0,20.67,0,0.85,0.85,NA,NA,NA,19.82,0.96,NA
O&O - Email - Jobs,2025-11-03,FALSE,0,22.73,0,0.93,0.93,NA,NA,NA,21.8,0.96,NA
O&O - Email - Jobs,2025-11-04,FALSE,0,10,0,0.82,0.82,NA,NA,NA,9.19,0.92,NA
O&O - Email - Jobs,2025-11-05,FALSE,0,1.3,0,1.33,1.33,NA,NA,NA,-0.03,-0.02,NA
O&O - Email - Jobs,2025-11-06,FALSE,0,0.55,0,1.17,1.17,NA,NA,NA,-0.62,-1.14,NA
O&O - Email - Jobs,2025-11-07,FALSE,0,0.82,0,1.54,1.54,NA,NA,NA,-0.72,-0.87,NA
O&O - Email - Jobs,2025-11-08,TRUE,0,1.57,0,1.47,1.47,NA,NA,NA,0.1,0.07,NA
O&O - Email - Jobs,2025-11-09,TRUE,0,0.99,0,1.37,1.37,NA,NA,NA,-0.38,-0.38,NA
O&O - Email - Jobs,2025-11-10,FALSE,0,0.69,0,0.82,0.82,NA,NA,NA,-0.13,-0.19,NA
O&O - Email - Jobs,2025-11-11,FALSE,0,1.07,0,1.6,1.6,NA,NA,NA,-0.53,-0.5,NA
O&O - Email - Jobs,2025-11-12,FALSE,0,0.58,0,1.39,1.39,NA,NA,NA,-0.81,-1.39,NA
NA,2025-10-30,FALSE,0,682.99,0,0.12,0.12,NA,NA,NA,682.87,1,NA
NA,2025-10-31,FALSE,0,502.13,0,4.73,4.73,NA,NA,NA,497.4,0.99,NA
NA,2025-11-01,TRUE,0,525.86,0,17.28,17.28,NA,NA,NA,508.58,0.97,NA
NA,2025-11-02,TRUE,0,578.77,0,32.81,32.81,NA,NA,NA,545.96,0.94,NA
NA,2025-11-03,FALSE,0,1072.75,0,60.32,60.32,NA,NA,NA,1012.43,0.94,NA
NA,2025-11-04,FALSE,0,1247.28,0,39.84,39.84,NA,NA,NA,1207.44,0.97,NA
NA,2025-11-05,FALSE,0,1247.32,0,29.5,29.5,NA,NA,NA,1217.82,0.98,NA
NA,2025-11-06,FALSE,0,1210.29,0,23.89,23.89,NA,NA,NA,1186.4,0.98,NA
NA,2025-11-07,FALSE,0,1163.16,0,44.85,44.85,NA,NA,NA,1118.32,0.96,NA
NA,2025-11-08,TRUE,0,824.97,0,33.93,33.93,NA,NA,NA,791.04,0.96,NA
NA,2025-11-09,TRUE,0,839.48,0,38.49,38.49,NA,NA,NA,800.99,0.95,NA
NA,2025-11-10,FALSE,0,1326.56,0,46.59,46.59,NA,NA,NA,1279.97,0.96,NA
NA,2025-11-11,FALSE,0,1249.77,0,64.45,64.45,NA,NA,NA,1185.32,0.95,NA
NA,2025-11-12,FALSE,0,1019.55,0,37.35,37.35,NA,NA,NA,982.2,0.96,NA
Mobplus Co - Jobs,2025-10-30,FALSE,NA,0,0,0.01,0.01,NA,NA,NA,-0.01,NA,NA
Mobplus Co - Jobs,2025-10-31,FALSE,NA,0,0,0.01,0.01,NA,NA,NA,-0.01,NA,NA
Mobplus Co - Jobs,2025-11-01,TRUE,NA,0,0,0.01,0.01,NA,NA,NA,-0.01,NA,NA
Mobplus Co - Jobs,2025-11-02,TRUE,NA,0,0,0.01,0.01,NA,NA,NA,-0.01,NA,NA
Mobplus Co - Jobs,2025-11-03,FALSE,NA,0,0,0.01,0.01,NA,NA,NA,-0.01,NA,NA
Mobplus Co - Jobs,2025-11-04,FALSE,NA,0,0,0.03,0.03,NA,NA,NA,-0.03,NA,NA
Mobplus Co - Jobs,2025-11-05,FALSE,NA,0,0,0.03,0.03,NA,NA,NA,-0.03,NA,NA
Mobplus Co - Jobs,2025-11-06,FALSE,0,0,0,0.02,0.02,NA,NA,NA,-0.02,NA,NA
Mobplus Co - Jobs,2025-11-07,FALSE,NA,0,0,0.02,0.02,NA,NA,NA,-0.02,NA,NA
Mobplus Co - Jobs,2025-11-08,TRUE,NA,0,0,0.02,0.02,NA,NA,NA,-0.02,NA,NA
Mobplus Co - Jobs,2025-11-09,TRUE,NA,0,0,0.01,0.01,NA,NA,NA,-0.01,NA,NA
Mobplus Co - Jobs,2025-11-10,FALSE,NA,0,0,0.02,0.02,NA,NA,NA,-0.02,NA,NA
Mobplus Co - Jobs,2025-11-11,FALSE,NA,0,0,0,0,NA,NA,NA,0,NA,NA
Mobplus Co - Jobs,2025-11-12,FALSE,NA,0,0,0,0,NA,NA,NA,0,NA,NA
IM CrossSell Traffic,2025-10-30,FALSE,0,11.91,0,0,0,NA,NA,NA,11.91,1,NA
IM CrossSell Traffic,2025-10-31,FALSE,0,6.4,0,0,0,NA,NA,NA,6.4,1,NA
IM CrossSell Traffic,2025-11-01,TRUE,0,10.46,0,0,0,NA,NA,NA,10.46,1,NA
IM CrossSell Traffic,2025-11-02,TRUE,0,9.75,0,0,0,NA,NA,NA,9.75,1,NA
IM CrossSell Traffic,2025-11-03,FALSE,0,12.64,0,0,0,NA,NA,NA,12.64,1,NA
IM CrossSell Traffic,2025-11-04,FALSE,0,9.8,0,0,0,NA,NA,NA,9.8,1,NA
IM CrossSell Traffic,2025-11-05,FALSE,0,8.66,0,0,0,NA,NA,NA,8.66,1,NA
IM CrossSell Traffic,2025-11-06,FALSE,0,5.3,0,0,0,NA,NA,NA,5.3,1,NA
IM CrossSell Traffic,2025-11-07,FALSE,0,5.63,0,0,0,NA,NA,NA,5.63,1,NA
IM CrossSell Traffic,2025-11-08,TRUE,0,8.39,0,0,0,NA,NA,NA,8.39,1,NA
IM CrossSell Traffic,2025-11-09,TRUE,0,6.07,0,0,0,NA,NA,NA,6.07,1,NA
IM CrossSell Traffic,2025-11-10,FALSE,0,6.83,0,0,0,NA,NA,NA,6.83,1,NA
IM CrossSell Traffic,2025-11-11,FALSE,0,6.12,0,0,0,NA,NA,NA,6.12,1,NA
IM CrossSell Traffic,2025-11-12,FALSE,0,6.29,0,0,0,NA,NA,NA,6.29,1,NA
Glitchy Direct - Jobs,2025-10-30,FALSE,0,0,0,0,0,NA,NA,NA,0,NA,NA
Glitchy Direct - Jobs,2025-10-31,FALSE,NA,0,0,0,0,NA,NA,NA,0,NA,NA
Glitchy Direct - Jobs,2025-11-01,TRUE,NA,0,0,0,0,NA,NA,NA,0,NA,NA
Glitchy Direct - Jobs,2025-11-02,TRUE,NA,0,0,0,0,NA,NA,NA,0,NA,NA
Glitchy Direct - Jobs,2025-11-03,FALSE,0,0,0,0,0,NA,NA,NA,0,NA,NA
Glitchy Direct - Jobs,2025-11-04,FALSE,0,0,0,0,0,NA,NA,NA,0,NA,NA
Glitchy Direct - Jobs,2025-11-05,FALSE,0,0,0,0,0,NA,NA,NA,0,NA,NA
Glitchy Direct - Jobs,2025-11-06,FALSE,NA,0,0,0,0,NA,NA,NA,0,NA,NA
Glitchy Direct - Jobs,2025-11-07,FALSE,NA,0,0,0,0,NA,NA,NA,0,NA,NA
Glitchy Direct - Jobs,2025-11-08,TRUE,NA,0,0,0,0,NA,NA,NA,0,NA,NA
Glitchy Direct - Jobs,2025-11-10,FALSE,NA,0,0,0,0,NA,NA,NA,0,NA,NA
Danaleads - Jobs,2025-11-03,FALSE,0,0,0,0,0,NA,NA,NA,0,NA,NA
Addicted Affiliate - Jobs,2025-11-05,FALSE,0,0,0,0,0,NA,NA,NA,0,NA,NA
Addicted Affiliate - Jobs,2025-11-06,FALSE,0,0,0,0,0,NA,NA,NA,0,NA,NA
Addicted Affiliate - Jobs,2025-11-07,FALSE,0,0,0,0,0,NA,NA,NA,0,NA,NA
Addicted Affiliate - Jobs,2025-11-08,TRUE,0,0,0,0,0,NA,NA,NA,0,NA,NA
Addicted Affiliate - Jobs,2025-11-09,TRUE,0,0,0,0,0,NA,NA,NA,0,NA,NA
Addicted Affiliate - Jobs,2025-11-10,FALSE,0,0,0,0,0,NA,NA,NA,0,NA,NA
Addicted Affiliate - Jobs,2025-11-11,FALSE,0,0,0,0,0,NA,NA,NA,0,NA,NA
Addicted Affiliate - Jobs,2025-11-12,FALSE,0,0,0,0,0,NA,NA,NA,0,NA,NA
AdMediary - Jobs,2025-10-30,FALSE,0,0,0,0.05,0.05,NA,NA,NA,-0.05,NA,NA
AdMediary - Jobs,2025-10-31,FALSE,0,0,0,0.04,0.04,NA,NA,NA,-0.04,NA,NA
AdMediary - Jobs,2025-11-01,TRUE,0,0,0,0.04,0.04,NA,NA,NA,-0.04,NA,NA
AdMediary - Jobs,2025-11-02,TRUE,0,0,0,0.05,0.05,NA,NA,NA,-0.05,NA,NA
AdMediary - Jobs,2025-11-03,FALSE,0,0,0,0.14,0.14,NA,NA,NA,-0.14,NA,NA
AdMediary - Jobs,2025-11-04,FALSE,0,0,0,0.06,0.06,NA,NA,NA,-0.06,NA,NA
AdMediary - Jobs,2025-11-05,FALSE,NA,0,0,0.07,0.07,NA,NA,NA,-0.07,NA,NA
AdMediary - Jobs,2025-11-06,FALSE,NA,0,0,0.07,0.07,NA,NA,NA,-0.07,NA,NA
AdMediary - Jobs,2025-11-07,FALSE,NA,0.13,0,0.07,0.07,NA,NA,NA,0.06,0.45,NA
AdMediary - Jobs,2025-11-08,TRUE,NA,0,0,0.06,0.06,NA,NA,NA,-0.06,NA,NA
AdMediary - Jobs,2025-11-09,TRUE,NA,0,0,0.05,0.05,NA,NA,NA,-0.05,NA,NA
AdMediary - Jobs,2025-11-10,FALSE,NA,0,0,0.04,0.04,NA,NA,NA,-0.04,NA,NA
AdMediary - Jobs,2025-11-11,FALSE,NA,0,0,0.03,0.03,NA,NA,NA,-0.03,NA,NA
AdMediary - Jobs,2025-11-12,FALSE,0,0,0,0.02,0.02,NA,NA,NA,-0.02,NA,NA
Triomedia (Jobs),2025-10-30,FALSE,NA,0,0,0,0,NA,NA,NA,0,NA,NA
Triomedia (Jobs),2025-10-31,FALSE,NA,0,0,0,0,NA,NA,NA,0,NA,NA
Triomedia (Jobs),2025-11-03,FALSE,NA,0,0,0,0,NA,NA,NA,0,NA,NA
Triomedia (Jobs),2025-11-04,FALSE,NA,0,0,0,0,NA,NA,NA,0,NA,NA
Triomedia (Jobs),2025-11-05,FALSE,NA,0,0,0,0,NA,NA,NA,0,NA,NA
Triomedia (Jobs),2025-11-06,FALSE,NA,0,0,0,0,NA,NA,NA,0,NA,NA
Triomedia (Jobs),2025-11-07,FALSE,NA,0,0,0,0,NA,NA,NA,0,NA,NA
Triomedia (Jobs),2025-11-08,TRUE,NA,0,0,0,0,NA,NA,NA,0,NA,NA
Triomedia (Jobs),2025-11-09,TRUE,NA,0,0,0,0,NA,NA,NA,0,NA,NA
Triomedia (Jobs),2025-11-10,FALSE,NA,0,0,0,0,NA,NA,NA,0,NA,NA
Triomedia (Jobs),2025-11-11,FALSE,NA,0,0,0,0,NA,NA,NA,0,NA,NA
Triomedia (Jobs),2025-11-12,FALSE,NA,0,0,0,0,NA,NA,NA,0,NA,NA
ThePointssGuy - Jobs,2025-10-30,FALSE,NA,0,0,0,0,NA,NA,NA,0,NA,NA
ThePointssGuy - Jobs,2025-10-31,FALSE,NA,0,0,0,0,NA,NA,NA,0,NA,NA
ThePointssGuy - Jobs,2025-11-03,FALSE,NA,0,0,0,0,NA,NA,NA,0,NA,NA
ThePointssGuy - Jobs,2025-11-04,FALSE,NA,0,0,0,0,NA,NA,NA,0,NA,NA
ThePointssGuy - Jobs,2025-11-05,FALSE,NA,0,0,0,0,NA,NA,NA,0,NA,NA
ThePointssGuy - Jobs,2025-11-06,FALSE,NA,0,0,0,0,NA,NA,NA,0,NA,NA
ThePointssGuy - Jobs,2025-11-07,FALSE,NA,0,0,0,0,NA,NA,NA,0,NA,NA
ThePointssGuy - Jobs,2025-11-08,TRUE,NA,0,0,0,0,NA,NA,NA,0,NA,NA
ThePointssGuy - Jobs,2025-11-09,TRUE,NA,0,0,0,0,NA,NA,NA,0,NA,NA
ThePointssGuy - Jobs,2025-11-10,FALSE,NA,0,0,0,0,NA,NA,NA,0,NA,NA
ThePointssGuy - Jobs,2025-11-11,FALSE,NA,0,0,0,0,NA,NA,NA,0,NA,NA
ThePointssGuy - Jobs,2025-11-12,FALSE,NA,0,0,0,0,NA,NA,NA,0,NA,NA
The Amici Group - Jobs,2025-10-30,FALSE,NA,0,0,0,0,NA,NA,NA,0,NA,NA
The Amici Group - Jobs,2025-10-31,FALSE,NA,0,0,0,0,NA,NA,NA,0,NA,NA
The Amici Group - Jobs,2025-11-03,FALSE,NA,0,0,0,0,NA,NA,NA,0,NA,NA
The Amici Group - Jobs,2025-11-04,FALSE,NA,0,0,0,0,NA,NA,NA,0,NA,NA
The Amici Group - Jobs,2025-11-05,FALSE,NA,0,0,0,0,NA,NA,NA,0,NA,NA
The Amici Group - Jobs,2025-11-06,FALSE,NA,0,0,0,0,NA,NA,NA,0,NA,NA
The Amici Group - Jobs,2025-11-07,FALSE,NA,0,0,0,0,NA,NA,NA,0,NA,NA
The Amici Group - Jobs,2025-11-08,TRUE,NA,0,0,0,0,NA,NA,NA,0,NA,NA
The Amici Group - Jobs,2025-11-09,TRUE,NA,0,0,0,0,NA,NA,NA,0,NA,NA
The Amici Group - Jobs,2025-11-10,FALSE,NA,0,0,0,0,NA,NA,NA,0,NA,NA
The Amici Group - Jobs,2025-11-11,FALSE,NA,0,0,0,0,NA,NA,NA,0,NA,NA
The Amici Group - Jobs,2025-11-12,FALSE,NA,0,0,0,0,NA,NA,NA,0,NA,NA
Test Publisher,2025-11-03,FALSE,NA,1.48,0,0,0,NA,NA,NA,1.48,1,NA
Test Publisher,2025-11-04,FALSE,NA,2.06,0,0,0,NA,NA,NA,2.06,1,NA
Test Publisher,2025-11-05,FALSE,NA,1.54,0,0,0,NA,NA,NA,1.54,1,NA
Test Publisher,2025-11-06,FALSE,NA,0.46,0,0,0,NA,NA,NA,0.46,1,NA
Test Publisher,2025-11-10,FALSE,NA,0.37,0,0,0,NA,NA,NA,0.37,1,NA
Test Publisher,2025-11-12,FALSE,NA,0.58,0,0,0,NA,NA,NA,0.58,1,NA
RR Global Media - Jobs,2025-10-30,FALSE,NA,0,0,0,0,NA,NA,NA,0,NA,NA
RR Global Media - Jobs,2025-10-31,FALSE,NA,0,0,0,0,NA,NA,NA,0,NA,NA
RR Global Media - Jobs,2025-11-03,FALSE,NA,0,0,0,0,NA,NA,NA,0,NA,NA
RR Global Media - Jobs,2025-11-04,FALSE,NA,0,0,0,0,NA,NA,NA,0,NA,NA
RR Global Media - Jobs,2025-11-05,FALSE,NA,0,0,0,0,NA,NA,NA,0,NA,NA
RR Global Media - Jobs,2025-11-06,FALSE,NA,0,0,0,0,NA,NA,NA,0,NA,NA
RR Global Media - Jobs,2025-11-07,FALSE,NA,0,0,0,0,NA,NA,NA,0,NA,NA
RR Global Media - Jobs,2025-11-08,TRUE,NA,0,0,0,0,NA,NA,NA,0,NA,NA
RR Global Media - Jobs,2025-11-09,TRUE,NA,0,0,0,0,NA,NA,NA,0,NA,NA
RR Global Media - Jobs,2025-11-10,FALSE,NA,0,0,0,0,NA,NA,NA,0,NA,NA
RR Global Media - Jobs,2025-11-11,FALSE,NA,0,0,0,0,NA,NA,NA,0,NA,NA
RR Global Media - Jobs,2025-11-12,FALSE,NA,0,0,0,0,NA,NA,NA,0,NA,NA
Milan.Mobi - Jobs,2025-10-30,FALSE,NA,0,0,0,0,NA,NA,NA,0,NA,NA
Milan.Mobi - Jobs,2025-10-31,FALSE,NA,0,0,0,0,NA,NA,NA,0,NA,NA
Milan.Mobi - Jobs,2025-11-03,FALSE,NA,0,0,0,0,NA,NA,NA,0,NA,NA
Milan.Mobi - Jobs,2025-11-04,FALSE,NA,0,0,0,0,NA,NA,NA,0,NA,NA
Milan.Mobi - Jobs,2025-11-05,FALSE,NA,0,0,0,0,NA,NA,NA,0,NA,NA
Milan.Mobi - Jobs,2025-11-06,FALSE,NA,0,0,0,0,NA,NA,NA,0,NA,NA
Milan.Mobi - Jobs,2025-11-07,FALSE,NA,0,0,0,0,NA,NA,NA,0,NA,NA
Milan.Mobi - Jobs,2025-11-08,TRUE,NA,0,0,0,0,NA,NA,NA,0,NA,NA
Milan.Mobi - Jobs,2025-11-09,TRUE,NA,0,0,0,0,NA,NA,NA,0,NA,NA
Milan.Mobi - Jobs,2025-11-10,FALSE,NA,0,0,0,0,NA,NA,NA,0,NA,NA
Milan.Mobi - Jobs,2025-11-11,FALSE,NA,0,0,0,0,NA,NA,NA,0,NA,NA
Milan.Mobi - Jobs,2025-11-12,FALSE,NA,0,0,0,0,NA,NA,NA,0,NA,NA
Marketcall - Jobs,2025-10-30,FALSE,NA,0,0,0,0,NA,NA,NA,0,NA,NA
Marketcall - Jobs,2025-10-31,FALSE,NA,0,0,0,0,NA,NA,NA,0,NA,NA
Marketcall - Jobs,2025-11-03,FALSE,NA,0,0,0,0,NA,NA,NA,0,NA,NA
Marketcall - Jobs,2025-11-04,FALSE,NA,0,0,0,0,NA,NA,NA,0,NA,NA
Marketcall - Jobs,2025-11-05,FALSE,NA,0,0,0,0,NA,NA,NA,0,NA,NA
Marketcall - Jobs,2025-11-06,FALSE,NA,0,0,0,0,NA,NA,NA,0,NA,NA
Marketcall - Jobs,2025-11-07,FALSE,NA,0,0,0,0,NA,NA,NA,0,NA,NA
Marketcall - Jobs,2025-11-08,TRUE,NA,0,0,0,0,NA,NA,NA,0,NA,NA
Marketcall - Jobs,2025-11-09,TRUE,NA,0,0,0,0,NA,NA,NA,0,NA,NA
Marketcall - Jobs,2025-11-10,FALSE,NA,0,0,0,0,NA,NA,NA,0,NA,NA
Marketcall - Jobs,2025-11-11,FALSE,NA,0,0,0,0,NA,NA,NA,0,NA,NA
Marketcall - Jobs,2025-11-12,FALSE,NA,0,0,0,0,NA,NA,NA,0,NA,NA
Marcin Denisiuk - Jobs,2025-10-30,FALSE,NA,0,0,0,0,NA,NA,NA,0,NA,NA
Marcin Denisiuk - Jobs,2025-10-31,FALSE,NA,0,0,0,0,NA,NA,NA,0,NA,NA
Marcin Denisiuk - Jobs,2025-11-03,FALSE,NA,0,0,0,0,NA,NA,NA,0,NA,NA
Marcin Denisiuk - Jobs,2025-11-04,FALSE,NA,0,0,0,0,NA,NA,NA,0,NA,NA
Marcin Denisiuk - Jobs,2025-11-05,FALSE,NA,0,0,0,0,NA,NA,NA,0,NA,NA
Marcin Denisiuk - Jobs,2025-11-06,FALSE,NA,0,0,0,0,NA,NA,NA,0,NA,NA
Marcin Denisiuk - Jobs,2025-11-07,FALSE,NA,0,0,0,0,NA,NA,NA,0,NA,NA
Marcin Denisiuk - Jobs,2025-11-08,TRUE,NA,0,0,0,0,NA,NA,NA,0,NA,NA
Marcin Denisiuk - Jobs,2025-11-09,TRUE,NA,0,0,0,0,NA,NA,NA,0,NA,NA
Marcin Denisiuk - Jobs,2025-11-10,FALSE,NA,0,0,0,0,NA,NA,NA,0,NA,NA
Marcin Denisiuk - Jobs,2025-11-11,FALSE,NA,0,0,0,0,NA,NA,NA,0,NA,NA
Marcin Denisiuk - Jobs,2025-11-12,FALSE,NA,0,0,0,0,NA,NA,NA,0,NA,NA
Ketan Kadam - Jobs,2025-10-30,FALSE,NA,0,0,0,0,NA,NA,NA,0,NA,NA
Ketan Kadam - Jobs,2025-10-31,FALSE,NA,0,0,0,0,NA,NA,NA,0,NA,NA
Ketan Kadam - Jobs,2025-11-03,FALSE,NA,0,0,0,0,NA,NA,NA,0,NA,NA
Ketan Kadam - Jobs,2025-11-04,FALSE,NA,0,0,0,0,NA,NA,NA,0,NA,NA
Ketan Kadam - Jobs,2025-11-05,FALSE,NA,0,0,0,0,NA,NA,NA,0,NA,NA
Ketan Kadam - Jobs,2025-11-06,FALSE,NA,0,0,0,0,NA,NA,NA,0,NA,NA
Ketan Kadam - Jobs,2025-11-07,FALSE,NA,0,0,0,0,NA,NA,NA,0,NA,NA
Ketan Kadam - Jobs,2025-11-08,TRUE,NA,0,0,0,0,NA,NA,NA,0,NA,NA
Ketan Kadam - Jobs,2025-11-09,TRUE,NA,0,0,0,0,NA,NA,NA,0,NA,NA
Ketan Kadam - Jobs,2025-11-10,FALSE,NA,0,0,0,0,NA,NA,NA,0,NA,NA
Ketan Kadam - Jobs,2025-11-11,FALSE,NA,0,0,0,0,NA,NA,NA,0,NA,NA
Ketan Kadam - Jobs,2025-11-12,FALSE,NA,0,0,0,0,NA,NA,NA,0,NA,NA
EaseClick Mobi - Jobs,2025-10-30,FALSE,NA,0,0,0,0,NA,NA,NA,0,NA,NA
EaseClick Mobi - Jobs,2025-10-31,FALSE,NA,0,0,0,0,NA,NA,NA,0,NA,NA
EaseClick Mobi - Jobs,2025-11-03,FALSE,NA,0,0,0,0,NA,NA,NA,0,NA,NA
EaseClick Mobi - Jobs,2025-11-04,FALSE,NA,0,0,0,0,NA,NA,NA,0,NA,NA
EaseClick Mobi - Jobs,2025-11-05,FALSE,NA,0,0,0,0,NA,NA,NA,0,NA,NA
EaseClick Mobi - Jobs,2025-11-06,FALSE,NA,0,0,0,0,NA,NA,NA,0,NA,NA
EaseClick Mobi - Jobs,2025-11-07,FALSE,NA,0,0,0,0,NA,NA,NA,0,NA,NA
EaseClick Mobi - Jobs,2025-11-08,TRUE,NA,0,0,0,0,NA,NA,NA,0,NA,NA
EaseClick Mobi - Jobs,2025-11-09,TRUE,NA,0,0,0,0,NA,NA,NA,0,NA,NA
EaseClick Mobi - Jobs,2025-11-10,FALSE,NA,0,0,0,0,NA,NA,NA,0,NA,NA
EaseClick Mobi - Jobs,2025-11-11,FALSE,NA,0,0,0,0,NA,NA,NA,0,NA,NA
EaseClick Mobi - Jobs,2025-11-12,FALSE,NA,0,0,0,0,NA,NA,NA,0,NA,NA
Dynu In Media - Jobs,2025-10-30,FALSE,NA,0,0,0,0,NA,NA,NA,0,NA,NA
Adchampagne - Jobs,2025-10-30,FALSE,NA,0,0,0,0,NA,NA,NA,0,NA,NA
Adchampagne - Jobs,2025-10-31,FALSE,NA,0,0,0,0,NA,NA,NA,0,NA,NA
Adchampagne - Jobs,2025-11-03,FALSE,NA,0,0,0,0,NA,NA,NA,0,NA,NA
Adchampagne - Jobs,2025-11-04,FALSE,NA,0,0,0,0,NA,NA,NA,0,NA,NA
Adchampagne - Jobs,2025-11-05,FALSE,NA,0,0,0,0,NA,NA,NA,0,NA,NA
Adchampagne - Jobs,2025-11-06,FALSE,NA,0,0,0,0,NA,NA,NA,0,NA,NA
Adchampagne - Jobs,2025-11-07,FALSE,NA,0,0,0,0,NA,NA,NA,0,NA,NA
Adchampagne - Jobs,2025-11-08,TRUE,NA,0,0,0,0,NA,NA,NA,0,NA,NA
Adchampagne - Jobs,2025-11-09,TRUE,NA,0,0,0,0,NA,NA,NA,0,NA,NA
Adchampagne - Jobs,2025-11-10,FALSE,NA,0,0,0,0,NA,NA,NA,0,NA,NA
Adchampagne - Jobs,2025-11-11,FALSE,NA,0,0,0,0,NA,NA,NA,0,NA,NA
Adchampagne - Jobs,2025-11-12,FALSE,NA,0,0,0,0,NA,NA,NA,0,NA,NA
Across The Award LLC (DBA 7Leads) - Jobs,2025-10-30,FALSE,NA,0,0,0,0,NA,NA,NA,0,NA,NA
Across The Award LLC (DBA 7Leads) - Jobs,2025-10-31,FALSE,NA,0,0,0,0,NA,NA,NA,0,NA,NA
Across The Award LLC (DBA 7Leads) - Jobs,2025-11-03,FALSE,NA,0,0,0,0,NA,NA,NA,0,NA,NA
Across The Award LLC (DBA 7Leads) - Jobs,2025-11-04,FALSE,NA,0,0,0,0,NA,NA,NA,0,NA,NA
Across The Award LLC (DBA 7Leads) - Jobs,2025-11-05,FALSE,NA,0,0,0,0,NA,NA,NA,0,NA,NA
Across The Award LLC (DBA 7Leads) - Jobs,2025-11-06,FALSE,NA,0,0,0,0,NA,NA,NA,0,NA,NA
Across The Award LLC (DBA 7Leads) - Jobs,2025-11-07,FALSE,NA,0,0,0,0,NA,NA,NA,0,NA,NA
Across The Award LLC (DBA 7Leads) - Jobs,2025-11-08,TRUE,NA,0,0,0,0,NA,NA,NA,0,NA,NA
Across The Award LLC (DBA 7Leads) - Jobs,2025-11-09,TRUE,NA,0,0,0,0,NA,NA,NA,0,NA,NA
Across The Award LLC (DBA 7Leads) - Jobs,2025-11-10,FALSE,NA,0,0,0,0,NA,NA,NA,0,NA,NA
Across The Award LLC (DBA 7Leads) - Jobs,2025-11-11,FALSE,NA,0,0,0,0,NA,NA,NA,0,NA,NA
Across The Award LLC (DBA 7Leads) - Jobs,2025-11-12,FALSE,NA,0,0,0,0,NA,NA,NA,0,NA,NA
Grand Total,NA,FALSE,2149609,434294.85,366765,9922.5,376687.5,0.18,0.17,0.18,57607.35,0.13,1.87
